,daily,weekly,holiday,0,1,2,3,0,1,2,3,4,5,6,7,8,9,10,11,12,13,14,15,16,total_litter
2021-01-06,1.0,0.0,0.0,0.0,0.0,0.0,1.0,0.0,0.010526315789473684,0.0,0.0,0.005263157894736842,0.0,0.0,0.0,0.0,0.20526315789473684,0.17894736842105263,0.18947368421052632,0.16842105263157894,0.5263157894736842,0.39473684210526316,0.07894736842105263,0.010526315789473684,3.0
2021-01-07,1.0,0.0,0.0,0.0,0.0,1.0,0.0,0.0,0.0,0.0,0.0,0.005263157894736842,0.0,0.0,0.005263157894736842,0.0,0.21578947368421053,0.17894736842105263,0.19473684210526315,0.16842105263157894,0.5263157894736842,0.4263157894736842,0.08421052631578947,0.02631578947368421,2.0
2021-01-08,1.0,0.0,0.0,0.0,0.0,1.0,0.0,0.010526315789473684,0.06842105263157895,0.031578947368421054,0.015789473684210527,0.17894736842105263,0.04736842105263158,0.0,0.13157894736842105,0.16842105263157894,0.21578947368421053,0.14736842105263157,0.18947368421052632,0.14736842105263157,0.5263157894736842,0.39999999999999997,0.03684210526315789,0.0,114.0
2021-01-09,1.0,1.0,1.0,0.0,1.0,0.0,0.0,0.015789473684210527,0.05789473684210526,0.005263157894736842,0.0,0.06315789473684211,0.015789473684210527,0.0,0.05789473684210526,0.11052631578947368,0.2263157894736842,0.13157894736842105,0.19473684210526315,0.13157894736842105,0.5263157894736842,0.39999999999999997,0.042105263157894736,0.005263157894736842,58.0
2021-01-10,1.0,0.0,0.0,1.0,0.0,0.0,0.0,0.010526315789473684,0.010526315789473684,0.0,0.042105263157894736,0.10526315789473684,0.0,0.0,0.09473684210526316,0.04736842105263158,0.21578947368421053,0.14736842105263157,0.19473684210526315,0.14210526315789473,0.5263157894736842,0.39999999999999997,0.06842105263157895,0.010526315789473684,49.0
2021-01-11,1.0,0.0,0.0,1.0,0.0,0.0,0.0,0.04736842105263158,0.11578947368421053,0.010526315789473684,0.015789473684210527,0.2631578947368421,0.04736842105263158,0.021052631578947368,0.22105263157894736,0.29473684210526313,0.24210526315789474,0.20526315789473684,0.2263157894736842,0.18947368421052632,0.4894736842105263,0.3736842105263158,0.12631578947368421,0.04736842105263158,181.0
2021-01-12,1.0,0.0,0.0,0.0,0.0,1.0,0.0,0.0,0.0,0.0,0.0,0.0,0.0,0.0,0.0,0.015789473684210527,0.24210526315789474,0.17894736842105263,0.23684210526315788,0.14736842105263157,0.5263157894736842,0.32105263157894737,0.12631578947368421,0.02631578947368421,3.0
2021-01-13,1.0,0.0,0.0,0.0,0.0,0.0,1.0,0.0,0.0,0.0,0.0,0.005263157894736842,0.0,0.0,0.0,0.0,0.2263157894736842,0.18947368421052632,0.19473684210526315,0.15789473684210525,0.45789473684210524,0.3684210526315789,0.11052631578947368,0.015789473684210527,1.0
2021-01-14,1.0,0.0,0.0,0.0,0.0,0.0,1.0,0.0,0.0,0.0,0.0,0.0,0.0,0.0,0.0,0.010526315789473684,0.20526315789473684,0.16842105263157894,0.16842105263157894,0.14210526315789473,0.45789473684210524,0.3684210526315789,0.07894736842105263,0.010526315789473684,2.0
2021-01-31,1.0,0.0,0.0,0.0,0.0,0.0,1.0,0.0,0.0,0.0,0.0,0.005263157894736842,0.0,0.0,0.0,0.0,0.18947368421052632,0.13157894736842105,0.14210526315789473,0.12105263157894737,0.4894736842105263,0.3157894736842105,0.07368421052631578,0.03684210526315789,1.0
2021-02-03,1.0,0.0,0.0,0.0,0.0,1.0,0.0,0.005263157894736842,0.042105263157894736,0.0,0.04736842105263158,0.09473684210526316,0.005263157894736842,0.0,0.03684210526315789,0.04736842105263158,0.2631578947368421,0.23684210526315788,0.24210526315789474,0.2263157894736842,0.5263157894736842,0.45789473684210524,0.10526315789473684,0.010526315789473684,51.0
2021-02-05,1.0,0.0,0.0,0.0,0.0,1.0,0.0,0.042105263157894736,0.17894736842105263,0.031578947368421054,0.06315789473684211,0.3736842105263158,0.03684210526315789,0.03684210526315789,0.21578947368421053,0.5052631578947369,0.25263157894736843,0.21578947368421053,0.23684210526315788,0.20526315789473684,0.5263157894736842,0.45789473684210524,0.06315789473684211,0.010526315789473684,260.0
2021-02-11,1.0,0.0,0.0,0.0,0.0,0.0,1.0,0.005263157894736842,0.021052631578947368,0.010526315789473684,0.0,0.06842105263157895,0.0,0.0,0.031578947368421054,0.031578947368421054,0.16842105263157894,0.07368421052631578,0.09999999999999999,0.06315789473684211,0.5263157894736842,0.2894736842105263,0.04736842105263158,0.005263157894736842,28.0
2021-02-16,1.0,0.0,0.0,0.0,0.0,0.0,1.0,0.08947368421052632,0.14736842105263157,0.03684210526315789,0.1368421052631579,0.3526315789473684,0.03684210526315789,0.10526315789473684,0.35789473684210527,0.5526315789473684,0.2631578947368421,0.19473684210526315,0.23684210526315788,0.18947368421052632,0.5263157894736842,0.3736842105263158,0.09473684210526316,0.04736842105263158,319.0
2021-02-17,1.0,0.0,0.0,1.0,0.0,0.0,0.0,0.042105263157894736,0.07894736842105263,0.02631578947368421,0.015789473684210527,0.25263157894736843,0.07368421052631578,0.0,0.18947368421052632,0.37894736842105264,0.2736842105263158,0.2263157894736842,0.24210526315789474,0.21578947368421053,0.4894736842105263,0.39999999999999997,0.11052631578947368,0.04736842105263158,184.0
2021-02-18,1.0,0.0,0.0,0.0,0.0,0.0,1.0,0.03684210526315789,0.06315789473684211,0.021052631578947368,0.031578947368421054,0.16842105263157894,0.06315789473684211,0.0,0.09999999999999999,0.19999999999999998,0.2736842105263158,0.21578947368421053,0.24210526315789474,0.19473684210526315,0.4894736842105263,0.3526315789473684,0.11052631578947368,0.04736842105263158,119.0
2021-02-19,1.0,0.0,0.0,0.0,0.0,0.0,1.0,0.05263157894736842,0.16842105263157894,0.005263157894736842,0.02631578947368421,0.14736842105263157,0.042105263157894736,0.03684210526315789,0.10526315789473684,1.0,0.2631578947368421,0.19473684210526315,0.2263157894736842,0.18947368421052632,0.4894736842105263,0.3736842105263158,0.09473684210526316,0.042105263157894736,297.0
2021-02-20,1.0,1.0,1.0,0.0,0.0,0.0,1.0,0.13157894736842105,0.12105263157894737,0.0,0.03684210526315789,0.16842105263157894,0.05789473684210526,0.031578947368421054,0.17894736842105263,0.7473684210526316,0.32105263157894737,0.25263157894736843,0.24210526315789474,0.2263157894736842,0.45789473684210524,0.2894736842105263,0.10526315789473684,0.04736842105263158,265.0
2021-02-21,1.0,0.0,0.0,0.0,0.0,0.0,1.0,0.021052631578947368,0.07368421052631578,0.005263157894736842,0.031578947368421054,0.12105263157894737,0.05263157894736842,0.0,0.11052631578947368,0.11578947368421053,0.32105263157894737,0.24210526315789474,0.24210526315789474,0.21578947368421053,0.43157894736842106,0.2894736842105263,0.07894736842105263,0.015789473684210527,94.0
2021-02-22,1.0,0.0,0.0,0.0,0.0,0.0,1.0,0.02631578947368421,0.13157894736842105,0.042105263157894736,0.042105263157894736,0.19999999999999998,0.06315789473684211,0.005263157894736842,0.12631578947368421,0.4263157894736842,0.32105263157894737,0.24210526315789474,0.23684210526315788,0.19473684210526315,0.39999999999999997,0.2894736842105263,0.07368421052631578,0.02631578947368421,192.0
2021-02-23,1.0,0.0,0.0,0.0,0.0,0.0,1.0,0.010526315789473684,0.015789473684210527,0.005263157894736842,0.08421052631578947,0.12631578947368421,0.031578947368421054,0.0,0.11578947368421053,0.1368421052631579,0.32105263157894737,0.24210526315789474,0.2631578947368421,0.2263157894736842,0.4631578947368421,0.33157894736842103,0.11052631578947368,0.031578947368421054,87.0
2021-02-24,1.0,0.0,0.0,0.0,0.0,0.0,1.0,0.021052631578947368,0.10526315789473684,0.010526315789473684,0.04736842105263158,0.20526315789473684,0.042105263157894736,0.021052631578947368,0.18947368421052632,0.24210526315789474,0.3368421052631579,0.25263157894736843,0.2631578947368421,0.23684210526315788,0.45789473684210524,0.25789473684210523,0.09473684210526316,0.042105263157894736,156.0
2021-02-25,1.0,0.0,0.0,0.0,0.0,0.0,1.0,0.0,0.010526315789473684,0.005263157894736842,0.0,0.05263157894736842,0.005263157894736842,0.0,0.031578947368421054,0.015789473684210527,0.31052631578947365,0.23684210526315788,0.25263157894736843,0.20526315789473684,0.4894736842105263,0.3526315789473684,0.08421052631578947,0.005263157894736842,20.0
2021-02-26,1.0,0.0,0.0,0.0,0.0,0.0,1.0,0.015789473684210527,0.11052631578947368,0.010526315789473684,0.03684210526315789,0.12631578947368421,0.005263157894736842,0.005263157894736842,0.06842105263157895,0.5947368421052631,0.2631578947368421,0.19473684210526315,0.21578947368421053,0.18947368421052632,0.5263157894736842,0.3263157894736842,0.08421052631578947,0.005263157894736842,179.0
2021-02-27,1.0,1.0,1.0,0.0,1.0,0.0,0.0,0.03684210526315789,0.1368421052631579,0.031578947368421054,0.12105263157894737,0.33157894736842103,0.09999999999999999,0.005263157894736842,0.2894736842105263,0.7052631578947368,0.2631578947368421,0.16842105263157894,0.21578947368421053,0.16842105263157894,0.5263157894736842,0.34736842105263155,0.04736842105263158,0.005263157894736842,305.0
2021-02-28,1.0,0.0,0.0,0.0,1.0,0.0,0.0,0.015789473684210527,0.031578947368421054,0.0,0.0,0.11578947368421053,0.031578947368421054,0.0,0.05789473684210526,0.02631578947368421,0.2631578947368421,0.14736842105263157,0.20526315789473684,0.14736842105263157,0.5263157894736842,0.34736842105263155,0.06315789473684211,0.0,47.0
2021-03-01,1.0,0.0,0.0,0.0,1.0,0.0,0.0,0.010526315789473684,0.08421052631578947,0.005263157894736842,0.04736842105263158,0.12631578947368421,0.03684210526315789,0.005263157894736842,0.09473684210526316,0.05263157894736842,0.2631578947368421,0.18947368421052632,0.20526315789473684,0.18947368421052632,0.5263157894736842,0.34736842105263155,0.07368421052631578,0.031578947368421054,82.0
2021-03-04,1.0,0.0,0.0,0.0,1.0,0.0,0.0,0.015789473684210527,0.015789473684210527,0.0,0.02631578947368421,0.09999999999999999,0.010526315789473684,0.0,0.11052631578947368,0.015789473684210527,0.2263157894736842,0.19473684210526315,0.19473684210526315,0.14736842105263157,0.4894736842105263,0.34210526315789475,0.07894736842105263,0.015789473684210527,45.0
2021-03-05,1.0,0.0,0.0,0.0,0.0,0.0,1.0,0.021052631578947368,0.06315789473684211,0.005263157894736842,0.02631578947368421,0.11052631578947368,0.015789473684210527,0.0,0.08421052631578947,0.03684210526315789,0.23684210526315788,0.16842105263157894,0.16842105263157894,0.12105263157894737,0.45789473684210524,0.25789473684210523,0.06842105263157895,0.010526315789473684,61.0
2021-03-07,1.0,0.0,0.0,1.0,0.0,0.0,0.0,0.031578947368421054,0.06315789473684211,0.03684210526315789,0.042105263157894736,0.13157894736842105,0.03684210526315789,0.0,0.11578947368421053,0.05263157894736842,0.2263157894736842,0.14736842105263157,0.16842105263157894,0.14210526315789473,0.5263157894736842,0.3,0.05263157894736842,0.005263157894736842,86.0
2021-03-08,1.0,0.0,0.0,0.0,0.0,0.0,1.0,0.021052631578947368,0.05263157894736842,0.005263157894736842,0.021052631578947368,0.14736842105263157,0.0,0.0,0.15263157894736842,0.005263157894736842,0.24210526315789474,0.19473684210526315,0.19473684210526315,0.16842105263157894,0.4894736842105263,0.3,0.07894736842105263,0.015789473684210527,63.0
2021-03-09,1.0,0.0,0.0,1.0,0.0,0.0,0.0,0.015789473684210527,0.05789473684210526,0.0,0.02631578947368421,0.13157894736842105,0.021052631578947368,0.005263157894736842,0.09473684210526316,0.031578947368421054,0.23684210526315788,0.18947368421052632,0.21578947368421053,0.16842105263157894,0.5263157894736842,0.3684210526315789,0.07894736842105263,0.010526315789473684,60.0
2021-03-10,1.0,0.0,0.0,0.0,0.0,1.0,0.0,0.0,0.0,0.0,0.010526315789473684,0.1368421052631579,0.005263157894736842,0.0,0.09473684210526316,0.0,0.25263157894736843,0.17894736842105263,0.21578947368421053,0.16842105263157894,0.5263157894736842,0.34736842105263155,0.14736842105263157,0.010526315789473684,39.0
2021-03-12,1.0,0.0,0.0,0.0,0.0,0.0,1.0,0.015789473684210527,0.07894736842105263,0.015789473684210527,0.04736842105263158,0.3368421052631579,0.02631578947368421,0.0,0.2736842105263158,0.03684210526315789,0.25263157894736843,0.21578947368421053,0.21578947368421053,0.18947368421052632,0.4894736842105263,0.3736842105263158,0.15789473684210525,0.08421052631578947,128.0
2021-03-14,1.0,0.0,0.0,1.0,0.0,0.0,0.0,0.015789473684210527,0.15263157894736842,0.031578947368421054,0.031578947368421054,0.20526315789473684,0.03684210526315789,0.0,0.13157894736842105,0.12105263157894737,0.24210526315789474,0.21578947368421053,0.21578947368421053,0.18947368421052632,0.4894736842105263,0.3736842105263158,0.11052631578947368,0.031578947368421054,125.0
2021-03-16,1.0,0.0,0.0,0.0,0.0,1.0,0.0,0.015789473684210527,0.06842105263157895,0.021052631578947368,0.05789473684210526,0.12105263157894737,0.06315789473684211,0.005263157894736842,0.14736842105263157,0.08947368421052632,0.23684210526315788,0.20526315789473684,0.21578947368421053,0.19473684210526315,0.5263157894736842,0.4263157894736842,0.06842105263157895,0.005263157894736842,98.0
2021-03-17,1.0,0.0,0.0,1.0,0.0,0.0,0.0,0.0,0.021052631578947368,0.0,0.005263157894736842,0.08421052631578947,0.0,0.0,0.06315789473684211,0.11578947368421053,0.24210526315789474,0.18947368421052632,0.20526315789473684,0.17894736842105263,0.4894736842105263,0.3736842105263158,0.07894736842105263,0.010526315789473684,49.0
2021-03-18,1.0,0.0,0.0,1.0,0.0,0.0,0.0,0.010526315789473684,0.1368421052631579,0.015789473684210527,0.12105263157894737,0.1631578947368421,0.021052631578947368,0.005263157894736842,0.19999999999999998,0.3157894736842105,0.24210526315789474,0.17894736842105263,0.2263157894736842,0.16842105263157894,0.5263157894736842,0.39473684210526316,0.08421052631578947,0.005263157894736842,167.0
2021-03-21,1.0,0.0,0.0,1.0,0.0,0.0,0.0,0.015789473684210527,0.03684210526315789,0.010526315789473684,0.010526315789473684,0.16842105263157894,0.010526315789473684,0.0,0.11052631578947368,0.07368421052631578,0.24210526315789474,0.20526315789473684,0.2263157894736842,0.17894736842105263,0.4894736842105263,0.3263157894736842,0.10526315789473684,0.03684210526315789,77.0
2021-03-23,1.0,0.0,0.0,1.0,0.0,0.0,0.0,0.015789473684210527,0.08421052631578947,0.010526315789473684,0.021052631578947368,0.1631578947368421,0.02631578947368421,0.0,0.10526315789473684,0.15263157894736842,0.2736842105263158,0.18947368421052632,0.2263157894736842,0.17894736842105263,0.4894736842105263,0.3736842105263158,0.07894736842105263,0.010526315789473684,104.0
2021-03-24,1.0,0.0,0.0,0.0,0.0,0.0,1.0,0.021052631578947368,0.05263157894736842,0.0,0.04736842105263158,0.19999999999999998,0.042105263157894736,0.042105263157894736,0.14736842105263157,0.13157894736842105,0.2894736842105263,0.17894736842105263,0.2263157894736842,0.17894736842105263,0.5263157894736842,0.30526315789473685,0.08947368421052632,0.010526315789473684,119.0
2021-03-25,1.0,0.0,0.0,0.0,0.0,0.0,1.0,0.06315789473684211,0.11052631578947368,0.0,0.02631578947368421,0.08947368421052632,0.031578947368421054,0.005263157894736842,0.05789473684210526,0.20526315789473684,0.28421052631578947,0.21578947368421053,0.24210526315789474,0.14736842105263157,0.5263157894736842,0.19999999999999998,0.09473684210526316,0.015789473684210527,110.0
2021-03-26,1.0,0.0,0.0,0.0,0.0,0.0,1.0,0.07894736842105263,0.02631578947368421,0.010526315789473684,0.031578947368421054,0.15263157894736842,0.03684210526315789,0.015789473684210527,0.12631578947368421,0.38421052631578945,0.3,0.2263157894736842,0.2263157894736842,0.19473684210526315,0.4894736842105263,0.26842105263157895,0.13157894736842105,0.03684210526315789,153.0
2021-03-29,1.0,0.0,0.0,0.0,0.0,0.0,1.0,0.010526315789473684,0.042105263157894736,0.005263157894736842,0.042105263157894736,0.09999999999999999,0.0,0.0,0.07368421052631578,0.2263157894736842,0.3368421052631579,0.24210526315789474,0.24210526315789474,0.17894736842105263,0.43157894736842106,0.20526315789473684,0.11052631578947368,0.015789473684210527,90.0
2021-03-30,1.0,0.0,0.0,0.0,0.0,0.0,1.0,0.015789473684210527,0.08421052631578947,0.0,0.06315789473684211,0.12631578947368421,0.005263157894736842,0.005263157894736842,0.09999999999999999,0.1631578947368421,0.3684210526315789,0.18947368421052632,0.23684210526315788,0.16842105263157894,0.4894736842105263,0.17368421052631577,0.05263157894736842,0.010526315789473684,94.0
2021-03-31,1.0,0.0,0.0,0.0,0.0,0.0,1.0,0.015789473684210527,0.12631578947368421,0.010526315789473684,0.06842105263157895,0.23157894736842105,0.010526315789473684,0.010526315789473684,0.18947368421052632,0.3736842105263158,0.38421052631578945,0.21578947368421053,0.23684210526315788,0.19473684210526315,0.45789473684210524,0.1631578947368421,0.05263157894736842,0.0,186.0
2021-04-03,1.0,1.0,1.0,1.0,0.0,0.0,0.0,0.03684210526315789,0.08421052631578947,0.010526315789473684,0.03684210526315789,0.18421052631578946,0.005263157894736842,0.1631578947368421,0.14736842105263157,0.1631578947368421,0.2631578947368421,0.21578947368421053,0.19473684210526315,0.16842105263157894,0.4263157894736842,0.3,0.07368421052631578,0.0,147.0
2021-04-08,1.0,0.0,0.0,0.0,0.0,0.0,1.0,0.0,0.12631578947368421,0.010526315789473684,0.010526315789473684,0.3157894736842105,0.05263157894736842,0.0,0.1368421052631579,0.3368421052631579,0.2631578947368421,0.17894736842105263,0.18947368421052632,0.14210526315789473,0.45789473684210524,0.24210526315789474,0.11052631578947368,0.010526315789473684,181.0
2021-04-11,1.0,0.0,0.0,1.0,0.0,0.0,0.0,0.03684210526315789,0.042105263157894736,0.0,0.03684210526315789,0.1368421052631579,0.010526315789473684,0.015789473684210527,0.12105263157894737,0.08421052631578947,0.24210526315789474,0.17894736842105263,0.18947368421052632,0.14736842105263157,0.4894736842105263,0.2631578947368421,0.09473684210526316,0.015789473684210527,85.0
2021-04-12,1.0,0.0,0.0,1.0,0.0,0.0,0.0,0.021052631578947368,0.05789473684210526,0.0,0.05263157894736842,0.21052631578947367,0.02631578947368421,0.0,0.15263157894736842,0.14210526315789473,0.23684210526315788,0.16842105263157894,0.18947368421052632,0.14736842105263157,0.4894736842105263,0.3,0.09473684210526316,0.0,113.0
2021-04-13,1.0,0.0,0.0,0.0,0.0,0.0,1.0,0.015789473684210527,0.09473684210526316,0.0,0.17894736842105263,0.3368421052631579,0.005263157894736842,0.005263157894736842,0.21578947368421053,0.15789473684210525,0.2631578947368421,0.15789473684210525,0.18947368421052632,0.13157894736842105,0.4894736842105263,0.2263157894736842,0.07368421052631578,0.0,175.0
2021-04-14,1.0,0.0,0.0,1.0,0.0,0.0,0.0,0.005263157894736842,0.021052631578947368,0.0,0.0,0.03684210526315789,0.0,0.0,0.042105263157894736,0.13157894736842105,0.24210526315789474,0.17894736842105263,0.18947368421052632,0.14736842105263157,0.4894736842105263,0.2631578947368421,0.07894736842105263,0.005263157894736842,42.0
2021-04-15,1.0,0.0,0.0,0.0,0.0,0.0,1.0,0.015789473684210527,0.03684210526315789,0.010526315789473684,0.021052631578947368,0.07894736842105263,0.0,0.010526315789473684,0.05789473684210526,0.1631578947368421,0.2631578947368421,0.16842105263157894,0.18947368421052632,0.14736842105263157,0.5263157894736842,0.24210526315789474,0.08421052631578947,0.010526315789473684,72.0
2021-04-16,1.0,0.0,0.0,0.0,0.0,0.0,1.0,0.021052631578947368,0.07894736842105263,0.010526315789473684,0.06842105263157895,0.15789473684210525,0.0,0.005263157894736842,0.1631578947368421,0.19999999999999998,0.28421052631578947,0.16842105263157894,0.19473684210526315,0.14736842105263157,0.45789473684210524,0.19999999999999998,0.07894736842105263,0.015789473684210527,119.0
2021-04-17,1.0,1.0,1.0,0.0,0.0,0.0,1.0,0.042105263157894736,0.05263157894736842,0.005263157894736842,0.13157894736842105,0.2894736842105263,0.005263157894736842,0.0,0.25789473684210523,0.1368421052631579,0.28421052631578947,0.17894736842105263,0.20526315789473684,0.15789473684210525,0.4894736842105263,0.24736842105263157,0.07368421052631578,0.015789473684210527,159.0
2021-04-18,1.0,0.0,0.0,0.0,0.0,0.0,1.0,0.031578947368421054,0.18421052631578946,0.010526315789473684,0.031578947368421054,0.2736842105263158,0.05789473684210526,0.005263157894736842,0.15789473684210525,0.32105263157894737,0.3,0.17894736842105263,0.23684210526315788,0.17894736842105263,0.5263157894736842,0.24736842105263157,0.06842105263157895,0.0,190.0
2021-04-19,1.0,0.0,0.0,0.0,0.0,0.0,1.0,0.0,0.05789473684210526,0.0,0.0,0.05789473684210526,0.0,0.0,0.03684210526315789,0.07894736842105263,0.31052631578947365,0.19473684210526315,0.24210526315789474,0.18947368421052632,0.5263157894736842,0.2894736842105263,0.06315789473684211,0.0,41.0
2021-04-20,1.0,0.0,0.0,0.0,0.0,0.0,1.0,0.021052631578947368,0.07894736842105263,0.005263157894736842,0.021052631578947368,0.19999999999999998,0.005263157894736842,0.0,0.11578947368421053,0.23157894736842105,0.33157894736842103,0.2263157894736842,0.24210526315789474,0.20526315789473684,0.5263157894736842,0.22105263157894736,0.06315789473684211,0.005263157894736842,120.0
2021-04-22,1.0,0.0,0.0,0.0,0.0,0.0,1.0,0.015789473684210527,0.07894736842105263,0.02631578947368421,0.005263157894736842,0.12631578947368421,0.015789473684210527,0.005263157894736842,0.06842105263157895,0.15263157894736842,0.2736842105263158,0.18947368421052632,0.18947368421052632,0.15789473684210525,0.45789473684210524,0.2631578947368421,0.08421052631578947,0.015789473684210527,90.0
2021-04-24,1.0,1.0,1.0,1.0,0.0,0.0,0.0,0.042105263157894736,0.06315789473684211,0.015789473684210527,0.08947368421052632,0.15263157894736842,0.021052631578947368,0.06315789473684211,0.11052631578947368,0.22105263157894736,0.28421052631578947,0.20526315789473684,0.21578947368421053,0.15789473684210525,0.5263157894736842,0.23157894736842105,0.08947368421052632,0.0,140.0
2021-04-25,1.0,0.0,0.0,1.0,0.0,0.0,0.0,0.015789473684210527,0.15789473684210525,0.0,0.042105263157894736,0.22105263157894736,0.042105263157894736,0.12631578947368421,0.2263157894736842,0.37894736842105264,0.2631578947368421,0.20526315789473684,0.18947368421052632,0.16842105263157894,0.39999999999999997,0.28421052631578947,0.06842105263157895,0.031578947368421054,217.0
2021-04-26,1.0,0.0,0.0,0.0,0.0,0.0,1.0,0.005263157894736842,0.005263157894736842,0.021052631578947368,0.005263157894736842,0.07894736842105263,0.0,0.0,0.031578947368421054,0.042105263157894736,0.2736842105263158,0.18947368421052632,0.18947368421052632,0.14210526315789473,0.45789473684210524,0.19999999999999998,0.08421052631578947,0.02631578947368421,34.0
2021-04-27,1.0,0.0,1.0,0.0,0.0,0.0,1.0,0.021052631578947368,0.08947368421052632,0.010526315789473684,0.021052631578947368,0.17368421052631577,0.005263157894736842,0.0,0.17894736842105263,0.15263157894736842,0.31052631578947365,0.18947368421052632,0.18947368421052632,0.14736842105263157,0.45789473684210524,0.1631578947368421,0.07368421052631578,0.015789473684210527,112.0
2021-04-28,1.0,0.0,0.0,0.0,0.0,0.0,1.0,0.015789473684210527,0.010526315789473684,0.005263157894736842,0.03684210526315789,0.1368421052631579,0.010526315789473684,0.0,0.11578947368421053,0.07894736842105263,0.31052631578947365,0.2263157894736842,0.20526315789473684,0.15789473684210525,0.3736842105263158,0.18947368421052632,0.09473684210526316,0.042105263157894736,67.0
2021-05-01,1.0,1.0,1.0,1.0,0.0,0.0,0.0,0.031578947368421054,0.03684210526315789,0.010526315789473684,0.05263157894736842,0.13157894736842105,0.042105263157894736,0.0,0.12631578947368421,0.14736842105263157,0.2736842105263158,0.19473684210526315,0.2263157894736842,0.18947368421052632,0.5263157894736842,0.30526315789473685,0.08421052631578947,0.02631578947368421,99.0
2021-05-02,1.0,0.0,0.0,1.0,0.0,0.0,0.0,0.06315789473684211,0.11578947368421053,0.021052631578947368,0.08421052631578947,0.2631578947368421,0.10526315789473684,0.0,0.28421052631578947,0.35789473684210527,0.2736842105263158,0.18947368421052632,0.20526315789473684,0.16842105263157894,0.45789473684210524,0.3,0.10526315789473684,0.02631578947368421,231.0
2021-05-03,1.0,0.0,0.0,0.0,0.0,0.0,1.0,0.005263157894736842,0.05263157894736842,0.0,0.005263157894736842,0.09999999999999999,0.005263157894736842,0.0,0.07894736842105263,0.02631578947368421,0.2894736842105263,0.20526315789473684,0.23684210526315788,0.18947368421052632,0.4894736842105263,0.26842105263157895,0.13157894736842105,0.031578947368421054,42.0
2021-05-05,1.0,0.0,1.0,0.0,0.0,1.0,0.0,0.005263157894736842,0.015789473684210527,0.0,0.0,0.042105263157894736,0.015789473684210527,0.0,0.015789473684210527,0.02631578947368421,0.2631578947368421,0.21578947368421053,0.2263157894736842,0.16842105263157894,0.4894736842105263,0.28421052631578947,0.15263157894736842,0.02631578947368421,22.0
2021-05-06,1.0,0.0,0.0,0.0,0.0,0.0,1.0,0.021052631578947368,0.03684210526315789,0.005263157894736842,0.010526315789473684,0.13157894736842105,0.02631578947368421,0.10526315789473684,0.09999999999999999,0.11052631578947368,0.2736842105263158,0.19473684210526315,0.21578947368421053,0.16842105263157894,0.5263157894736842,0.2631578947368421,0.08421052631578947,0.010526315789473684,99.0
2021-05-07,1.0,0.0,0.0,1.0,0.0,0.0,0.0,0.005263157894736842,0.03684210526315789,0.005263157894736842,0.0,0.06842105263157895,0.0,0.0,0.031578947368421054,0.06842105263157895,0.2736842105263158,0.18947368421052632,0.20526315789473684,0.16842105263157894,0.4894736842105263,0.28421052631578947,0.09473684210526316,0.015789473684210527,39.0
2021-05-08,1.0,1.0,1.0,0.0,0.0,0.0,1.0,0.015789473684210527,0.04736842105263158,0.0,0.02631578947368421,0.10526315789473684,0.010526315789473684,0.0,0.07894736842105263,0.10526315789473684,0.32105263157894737,0.19473684210526315,0.28421052631578947,0.17894736842105263,0.49473684210526314,0.3263157894736842,0.11578947368421053,0.015789473684210527,67.0
2021-05-09,1.0,0.0,0.0,0.0,0.0,0.0,1.0,0.021052631578947368,0.09473684210526316,0.0,0.08421052631578947,0.20526315789473684,0.06315789473684211,0.005263157894736842,0.14210526315789473,0.28421052631578947,0.39473684210526316,0.28421052631578947,0.31052631578947365,0.25263157894736843,0.49473684210526314,0.3,0.10526315789473684,0.015789473684210527,160.0
2021-05-10,1.0,0.0,0.0,0.0,0.0,0.0,1.0,0.042105263157894736,0.18421052631578946,0.0,0.05789473684210526,0.2736842105263158,0.08947368421052632,0.005263157894736842,0.24736842105263157,0.23684210526315788,0.3368421052631579,0.2631578947368421,0.3,0.23684210526315788,0.4631578947368421,0.31052631578947365,0.11052631578947368,0.005263157894736842,198.0
2021-05-12,1.0,0.0,0.0,0.0,0.0,0.0,1.0,0.005263157894736842,0.015789473684210527,0.010526315789473684,0.010526315789473684,0.07894736842105263,0.010526315789473684,0.010526315789473684,0.07368421052631578,0.021052631578947368,0.32105263157894737,0.2263157894736842,0.25263157894736843,0.20526315789473684,0.49473684210526314,0.25263157894736843,0.07894736842105263,0.0,43.0
2021-05-13,1.0,0.0,1.0,0.0,0.0,0.0,1.0,0.010526315789473684,0.021052631578947368,0.005263157894736842,0.031578947368421054,0.031578947368421054,0.010526315789473684,0.0,0.04736842105263158,0.02631578947368421,0.3368421052631579,0.21578947368421053,0.2631578947368421,0.21578947368421053,0.5263157894736842,0.25789473684210523,0.07368421052631578,0.0,32.0
2021-05-14,1.0,0.0,0.0,0.0,0.0,0.0,1.0,0.0,0.015789473684210527,0.005263157894736842,0.021052631578947368,0.05789473684210526,0.042105263157894736,0.0,0.04736842105263158,0.05263157894736842,0.31052631578947365,0.25263157894736843,0.25263157894736843,0.2263157894736842,0.45789473684210524,0.31052631578947365,0.06315789473684211,0.015789473684210527,43.0
2021-05-15,1.0,1.0,1.0,1.0,0.0,0.0,0.0,0.03684210526315789,0.14210526315789473,0.005263157894736842,0.09999999999999999,0.24210526315789474,0.05263157894736842,0.005263157894736842,0.19473684210526315,0.16842105263157894,0.3,0.25263157894736843,0.2631578947368421,0.2263157894736842,0.5263157894736842,0.3526315789473684,0.05263157894736842,0.005263157894736842,165.0
2021-05-16,1.0,0.0,0.0,0.0,0.0,1.0,0.0,0.031578947368421054,0.03684210526315789,0.0,0.0,0.02631578947368421,0.015789473684210527,0.0,0.05263157894736842,0.10526315789473684,0.31052631578947365,0.25263157894736843,0.2631578947368421,0.2263157894736842,0.5263157894736842,0.33157894736842103,0.08421052631578947,0.015789473684210527,48.0
2021-05-18,1.0,0.0,0.0,0.0,0.0,0.0,1.0,0.02631578947368421,0.06842105263157895,0.02631578947368421,0.021052631578947368,0.24210526315789474,0.031578947368421054,0.005263157894736842,0.13157894736842105,0.17894736842105263,0.31052631578947365,0.23684210526315788,0.2631578947368421,0.21578947368421053,0.49473684210526314,0.31052631578947365,0.08421052631578947,0.005263157894736842,126.0
2021-05-20,1.0,0.0,0.0,0.0,0.0,0.0,1.0,0.0,0.05789473684210526,0.010526315789473684,0.021052631578947368,0.12631578947368421,0.021052631578947368,0.0,0.07894736842105263,0.07368421052631578,0.32105263157894737,0.2263157894736842,0.2631578947368421,0.21578947368421053,0.5263157894736842,0.26842105263157895,0.10526315789473684,0.010526315789473684,69.0
2021-05-30,1.0,0.0,0.0,0.0,0.0,0.0,1.0,0.04736842105263158,0.09473684210526316,0.005263157894736842,0.021052631578947368,0.24210526315789474,0.02631578947368421,0.010526315789473684,0.17894736842105263,0.3894736842105263,0.35789473684210527,0.25263157894736843,0.28421052631578947,0.23684210526315788,0.4894736842105263,0.2736842105263158,0.07368421052631578,0.015789473684210527,159.0
2021-05-31,1.0,0.0,0.0,0.0,0.0,0.0,1.0,0.05789473684210526,0.19999999999999998,0.031578947368421054,0.09473684210526316,0.43157894736842106,0.042105263157894736,0.10526315789473684,0.2894736842105263,0.7789473684210526,0.37894736842105264,0.2631578947368421,0.28421052631578947,0.23684210526315788,0.5263157894736842,0.21052631578947367,0.06842105263157895,0.02631578947368421,350.0
2021-06-01,1.0,0.0,0.0,0.0,0.0,0.0,1.0,0.04736842105263158,0.06842105263157895,0.010526315789473684,0.05789473684210526,0.19999999999999998,0.042105263157894736,0.021052631578947368,0.14736842105263157,0.3157894736842105,0.4052631578947368,0.2736842105263158,0.2631578947368421,0.2263157894736842,0.39999999999999997,0.1631578947368421,0.07368421052631578,0.015789473684210527,151.0
2021-06-02,1.0,0.0,0.0,0.0,0.0,0.0,1.0,0.042105263157894736,0.17894736842105263,0.06315789473684211,0.03684210526315789,0.3,0.07894736842105263,0.005263157894736842,0.19473684210526315,0.5684210526315789,0.41578947368421054,0.2894736842105263,0.31052631578947365,0.2736842105263158,0.4631578947368421,0.22105263157894736,0.06842105263157895,0.015789473684210527,255.0
2021-06-03,1.0,0.0,0.0,0.0,0.0,0.0,1.0,0.04736842105263158,0.08947368421052632,0.04736842105263158,0.042105263157894736,0.25789473684210523,0.031578947368421054,0.0,0.25263157894736843,0.22105263157894736,0.38421052631578945,0.31052631578947365,0.3368421052631579,0.2894736842105263,0.4631578947368421,0.3368421052631579,0.07894736842105263,0.005263157894736842,172.0
2021-06-04,1.0,0.0,0.0,0.0,0.0,0.0,1.0,0.021052631578947368,0.07894736842105263,0.005263157894736842,0.005263157894736842,0.16842105263157894,0.015789473684210527,0.010526315789473684,0.10526315789473684,0.2736842105263158,0.4052631578947368,0.2894736842105263,0.34736842105263155,0.28421052631578947,0.49473684210526314,0.28421052631578947,0.05263157894736842,0.010526315789473684,124.0
2021-06-05,1.0,1.0,1.0,1.0,0.0,0.0,0.0,0.042105263157894736,0.10526315789473684,0.0,0.11052631578947368,0.21052631578947367,0.06315789473684211,0.0,0.17368421052631577,0.2263157894736842,0.32105263157894737,0.2894736842105263,0.31052631578947365,0.28421052631578947,0.5263157894736842,0.4631578947368421,0.07368421052631578,0.031578947368421054,165.0
2021-06-06,1.0,0.0,0.0,0.0,0.0,0.0,1.0,0.015789473684210527,0.10526315789473684,0.06842105263157895,0.021052631578947368,0.21578947368421053,0.042105263157894736,0.05263157894736842,0.14210526315789473,0.17368421052631577,0.3684210526315789,0.28421052631578947,0.28421052631578947,0.2263157894736842,0.49473684210526314,0.2263157894736842,0.06315789473684211,0.015789473684210527,147.0
2021-06-07,1.0,0.0,0.0,0.0,0.0,0.0,1.0,0.06842105263157895,0.2263157894736842,0.010526315789473684,0.07894736842105263,0.4105263157894737,0.13157894736842105,0.005263157894736842,0.26842105263157895,0.42105263157894735,0.37894736842105264,0.2631578947368421,0.2894736842105263,0.25263157894736843,0.49473684210526314,0.24210526315789474,0.06315789473684211,0.005263157894736842,295.0
2021-06-08,1.0,0.0,0.0,0.0,0.0,0.0,1.0,0.015789473684210527,0.16842105263157894,0.021052631578947368,0.02631578947368421,0.3263157894736842,0.08947368421052632,0.005263157894736842,0.23157894736842105,0.763157894736842,0.39473684210526316,0.28421052631578947,0.3,0.25263157894736843,0.5263157894736842,0.19999999999999998,0.06315789473684211,0.010526315789473684,290.0
2021-06-09,1.0,0.0,0.0,0.0,0.0,0.0,1.0,0.015789473684210527,0.14210526315789473,0.010526315789473684,0.021052631578947368,0.1631578947368421,0.05263157894736842,0.010526315789473684,0.1368421052631579,0.18421052631578946,0.38421052631578945,0.2894736842105263,0.31052631578947365,0.23684210526315788,0.5263157894736842,0.19999999999999998,0.07894736842105263,0.0,127.0
2021-06-10,1.0,0.0,0.0,0.0,0.0,0.0,1.0,0.02631578947368421,0.11052631578947368,0.0,0.042105263157894736,0.2631578947368421,0.05789473684210526,0.005263157894736842,0.17368421052631577,0.26842105263157895,0.4052631578947368,0.28421052631578947,0.32105263157894737,0.2736842105263158,0.49473684210526314,0.28421052631578947,0.06842105263157895,0.005263157894736842,166.0
2021-06-11,1.0,0.0,0.0,0.0,1.0,0.0,0.0,0.031578947368421054,0.03684210526315789,0.0,0.021052631578947368,0.20526315789473684,0.03684210526315789,0.0,0.14736842105263157,0.12105263157894737,0.38421052631578945,0.2894736842105263,0.33157894736842103,0.2894736842105263,0.5263157894736842,0.3631578947368421,0.08947368421052632,0.005263157894736842,103.0
2021-06-12,1.0,1.0,1.0,0.0,0.0,0.0,1.0,0.12631578947368421,0.08421052631578947,0.021052631578947368,0.02631578947368421,0.2736842105263158,0.04736842105263158,0.0,0.24210526315789474,0.531578947368421,0.34736842105263155,0.2631578947368421,0.31052631578947365,0.24210526315789474,0.49473684210526314,0.2894736842105263,0.08947368421052632,0.015789473684210527,215.0
2021-06-13,1.0,0.0,0.0,0.0,0.0,0.0,1.0,0.03684210526315789,0.13157894736842105,0.005263157894736842,0.05789473684210526,0.3526315789473684,0.07894736842105263,0.005263157894736842,0.23684210526315788,0.39473684210526316,0.38421052631578945,0.25263157894736843,0.28421052631578947,0.24210526315789474,0.5263157894736842,0.23157894736842105,0.03684210526315789,0.0,225.0
2021-06-14,1.0,0.0,0.0,0.0,0.0,0.0,1.0,0.04736842105263158,0.05263157894736842,0.021052631578947368,0.02631578947368421,0.26842105263157895,0.07894736842105263,0.0,0.1631578947368421,0.2736842105263158,0.4052631578947368,0.28421052631578947,0.31052631578947365,0.2631578947368421,0.49473684210526314,0.23157894736842105,0.08421052631578947,0.0,164.0
2021-06-15,1.0,0.0,0.0,0.0,0.0,0.0,1.0,0.031578947368421054,0.15263157894736842,0.021052631578947368,0.06842105263157895,0.3736842105263158,0.042105263157894736,0.010526315789473684,0.21578947368421053,0.16842105263157894,0.37894736842105264,0.2894736842105263,0.3,0.2631578947368421,0.4631578947368421,0.2789473684210526,0.04736842105263158,0.0,194.0
2021-06-16,1.0,0.0,0.0,0.0,0.0,0.0,1.0,0.005263157894736842,0.031578947368421054,0.0,0.03684210526315789,0.07368421052631578,0.015789473684210527,0.021052631578947368,0.03684210526315789,0.08947368421052632,0.43157894736842106,0.28421052631578947,0.33157894736842103,0.2736842105263158,0.49473684210526314,0.23157894736842105,0.06842105263157895,0.010526315789473684,56.0
2021-06-17,1.0,0.0,0.0,0.0,0.0,0.0,1.0,0.015789473684210527,0.031578947368421054,0.0,0.005263157894736842,0.07894736842105263,0.010526315789473684,0.0,0.031578947368421054,0.06315789473684211,0.4421052631578947,0.3368421052631579,0.34736842105263155,0.32105263157894737,0.49473684210526314,0.26842105263157895,0.10526315789473684,0.010526315789473684,40.0
2021-06-19,1.0,1.0,1.0,1.0,0.0,0.0,0.0,0.031578947368421054,0.05789473684210526,0.02631578947368421,0.06842105263157895,0.22105263157894736,0.031578947368421054,0.005263157894736842,0.16842105263157894,0.2789473684210526,0.35789473684210527,0.32105263157894737,0.34736842105263155,0.2894736842105263,0.49473684210526314,0.38421052631578945,0.09473684210526316,0.010526315789473684,156.0
2021-06-20,1.0,0.0,0.0,0.0,0.0,0.0,1.0,0.04736842105263158,0.05789473684210526,0.005263157894736842,0.005263157894736842,0.15263157894736842,0.03684210526315789,0.0,0.12105263157894737,0.24210526315789474,0.37894736842105264,0.31052631578947365,0.33157894736842103,0.3,0.5263157894736842,0.3368421052631579,0.08421052631578947,0.015789473684210527,122.0
2021-06-22,1.0,0.0,0.0,1.0,0.0,0.0,0.0,0.0,0.021052631578947368,0.005263157894736842,0.0,0.031578947368421054,0.010526315789473684,0.0,0.010526315789473684,0.07894736842105263,0.33157894736842103,0.2894736842105263,0.2736842105263158,0.23684210526315788,0.4631578947368421,0.31052631578947365,0.08421052631578947,0.02631578947368421,28.0
2021-06-23,1.0,0.0,0.0,1.0,0.0,0.0,0.0,0.02631578947368421,0.021052631578947368,0.015789473684210527,0.05789473684210526,0.11052631578947368,0.02631578947368421,0.005263157894736842,0.09999999999999999,0.20526315789473684,0.3368421052631579,0.28421052631578947,0.2631578947368421,0.23684210526315788,0.43157894736842106,0.29473684210526313,0.06315789473684211,0.02631578947368421,98.0
2021-06-24,1.0,0.0,0.0,0.0,0.0,0.0,1.0,0.05263157894736842,0.13157894736842105,0.021052631578947368,0.06842105263157895,0.42105263157894735,0.06315789473684211,0.015789473684210527,0.28421052631578947,0.46842105263157896,0.34736842105263155,0.2631578947368421,0.28421052631578947,0.24210526315789474,0.49473684210526314,0.29473684210526313,0.06842105263157895,0.005263157894736842,262.0
2021-06-25,1.0,0.0,0.0,1.0,0.0,0.0,0.0,0.021052631578947368,0.031578947368421054,0.021052631578947368,0.010526315789473684,0.17368421052631577,0.03684210526315789,0.0,0.08947368421052632,0.11578947368421053,0.34736842105263155,0.2631578947368421,0.31052631578947365,0.24210526315789474,0.5263157894736842,0.38421052631578945,0.07368421052631578,0.010526315789473684,91.0
2021-06-26,1.0,1.0,1.0,0.0,0.0,0.0,1.0,0.02631578947368421,0.12631578947368421,0.021052631578947368,0.05263157894736842,0.16842105263157894,0.031578947368421054,0.0,0.14210526315789473,0.34210526315789475,0.39473684210526316,0.31052631578947365,0.33157894736842103,0.31052631578947365,0.5263157894736842,0.32105263157894737,0.06315789473684211,0.005263157894736842,160.0
2021-06-27,1.0,0.0,0.0,0.0,0.0,0.0,1.0,0.031578947368421054,0.02631578947368421,0.031578947368421054,0.042105263157894736,0.30526315789473685,0.042105263157894736,0.0,0.25789473684210523,0.09473684210526316,0.4052631578947368,0.33157894736842103,0.3368421052631579,0.3,0.5263157894736842,0.3,0.10526315789473684,0.015789473684210527,134.0
2021-06-28,1.0,0.0,0.0,0.0,0.0,0.0,1.0,0.015789473684210527,0.05789473684210526,0.0,0.010526315789473684,0.19473684210526315,0.06842105263157895,0.010526315789473684,0.09473684210526316,0.14210526315789473,0.38421052631578945,0.33157894736842103,0.34736842105263155,0.32105263157894737,0.5263157894736842,0.3631578947368421,0.04736842105263158,0.0,104.0
2021-06-30,1.0,0.0,0.0,0.0,0.0,1.0,0.0,0.015789473684210527,0.04736842105263158,0.0,0.04736842105263158,0.09473684210526316,0.03684210526315789,0.021052631578947368,0.06842105263157895,0.26842105263157895,0.32105263157894737,0.28421052631578947,0.3,0.28421052631578947,0.5263157894736842,0.43157894736842106,0.06315789473684211,0.03684210526315789,101.0
2021-07-01,1.0,0.0,0.0,1.0,0.0,0.0,0.0,0.005263157894736842,0.07368421052631578,0.015789473684210527,0.0,0.12631578947368421,0.005263157894736842,0.005263157894736842,0.08421052631578947,0.2631578947368421,0.33157894736842103,0.2894736842105263,0.3,0.28421052631578947,0.5263157894736842,0.37894736842105264,0.08421052631578947,0.03684210526315789,94.0
2021-07-02,1.0,0.0,0.0,0.0,0.0,0.0,1.0,0.02631578947368421,0.021052631578947368,0.015789473684210527,0.0,0.10526315789473684,0.0,0.0,0.04736842105263158,0.12105263157894737,0.3684210526315789,0.3,0.31052631578947365,0.2894736842105263,0.5263157894736842,0.3368421052631579,0.05263157894736842,0.005263157894736842,55.0
2021-07-03,1.0,1.0,1.0,0.0,0.0,0.0,1.0,0.06842105263157895,0.06315789473684211,0.015789473684210527,0.08947368421052632,0.4105263157894737,0.015789473684210527,0.0,0.23157894736842105,0.3,0.39473684210526316,0.28421052631578947,0.33157894736842103,0.28421052631578947,0.5263157894736842,0.32105263157894737,0.06315789473684211,0.0,183.0
2021-07-04,1.0,0.0,0.0,0.0,0.0,0.0,1.0,0.010526315789473684,0.031578947368421054,0.0,0.04736842105263158,0.14736842105263157,0.005263157894736842,0.0,0.12105263157894737,0.06842105263157895,0.37894736842105264,0.3,0.33157894736842103,0.3,0.5263157894736842,0.3157894736842105,0.06842105263157895,0.005263157894736842,59.0
2021-07-05,1.0,0.0,0.0,0.0,0.0,0.0,1.0,0.005263157894736842,0.021052631578947368,0.0,0.005263157894736842,0.021052631578947368,0.005263157894736842,0.0,0.010526315789473684,0.031578947368421054,0.35789473684210527,0.3,0.32105263157894737,0.2894736842105263,0.49473684210526314,0.35789473684210527,0.07368421052631578,0.015789473684210527,17.0
2021-07-07,1.0,0.0,0.0,0.0,0.0,0.0,1.0,0.03684210526315789,0.042105263157894736,0.0,0.03684210526315789,0.1631578947368421,0.005263157894736842,0.0,0.1631578947368421,0.15263157894736842,0.3684210526315789,0.2894736842105263,0.31052631578947365,0.2736842105263158,0.4631578947368421,0.3157894736842105,0.08947368421052632,0.005263157894736842,83.0
2021-07-08,1.0,0.0,0.0,0.0,0.0,0.0,1.0,0.021052631578947368,0.06842105263157895,0.005263157894736842,0.12105263157894737,0.17894736842105263,0.021052631578947368,0.010526315789473684,0.21578947368421053,0.24210526315789474,0.37894736842105264,0.28421052631578947,0.31052631578947365,0.2736842105263158,0.49473684210526314,0.3157894736842105,0.07368421052631578,0.005263157894736842,127.0
2021-07-09,1.0,0.0,0.0,0.0,0.0,0.0,1.0,0.06315789473684211,0.07894736842105263,0.0,0.05263157894736842,0.2789473684210526,0.015789473684210527,0.005263157894736842,0.18421052631578946,0.21578947368421053,0.3684210526315789,0.2736842105263158,0.32105263157894737,0.2736842105263158,0.5263157894736842,0.35789473684210527,0.06842105263157895,0.0,135.0
2021-07-12,1.0,0.0,0.0,0.0,0.0,0.0,1.0,0.02631578947368421,0.15789473684210525,0.010526315789473684,0.021052631578947368,0.25263157894736843,0.010526315789473684,0.0,0.15263157894736842,0.3263157894736842,0.39473684210526316,0.3,0.3368421052631579,0.2894736842105263,0.5263157894736842,0.32105263157894737,0.06842105263157895,0.0,153.0
2021-07-14,1.0,0.0,0.0,1.0,0.0,0.0,0.0,0.02631578947368421,0.02631578947368421,0.010526315789473684,0.010526315789473684,0.11578947368421053,0.010526315789473684,0.0,0.07894736842105263,0.09473684210526316,0.35789473684210527,0.33157894736842103,0.33157894736842103,0.32105263157894737,0.5263157894736842,0.43684210526315786,0.10526315789473684,0.042105263157894736,56.0
2021-07-15,1.0,0.0,0.0,1.0,0.0,0.0,0.0,0.005263157894736842,0.0,0.005263157894736842,0.005263157894736842,0.07894736842105263,0.0,0.0,0.04736842105263158,0.06315789473684211,0.3684210526315789,0.33157894736842103,0.33157894736842103,0.2894736842105263,0.5263157894736842,0.35789473684210527,0.10526315789473684,0.05263157894736842,30.0
2021-07-16,1.0,0.0,0.0,1.0,0.0,0.0,0.0,0.010526315789473684,0.010526315789473684,0.021052631578947368,0.0,0.042105263157894736,0.0,0.0,0.02631578947368421,0.15263157894736842,0.37894736842105264,0.32105263157894737,0.31052631578947365,0.2736842105263158,0.43157894736842106,0.3157894736842105,0.08421052631578947,0.03684210526315789,45.0
2021-07-17,1.0,1.0,1.0,0.0,0.0,0.0,1.0,0.042105263157894736,0.042105263157894736,0.05263157894736842,0.031578947368421054,0.3157894736842105,0.005263157894736842,0.0,0.12105263157894737,0.15263157894736842,0.4052631578947368,0.2894736842105263,0.32105263157894737,0.28421052631578947,0.5263157894736842,0.2631578947368421,0.07368421052631578,0.02631578947368421,122.0
2021-07-18,1.0,0.0,0.0,0.0,0.0,0.0,1.0,0.015789473684210527,0.06842105263157895,0.05263157894736842,0.031578947368421054,0.14210526315789473,0.021052631578947368,0.0,0.14736842105263157,0.08947368421052632,0.41578947368421054,0.3,0.32105263157894737,0.2894736842105263,0.5263157894736842,0.26842105263157895,0.08421052631578947,0.010526315789473684,80.0
2021-07-19,1.0,0.0,0.0,0.0,0.0,0.0,1.0,0.005263157894736842,0.010526315789473684,0.0,0.005263157894736842,0.10526315789473684,0.005263157894736842,0.005263157894736842,0.06315789473684211,0.03684210526315789,0.37894736842105264,0.3,0.31052631578947365,0.2736842105263158,0.5263157894736842,0.2789473684210526,0.06315789473684211,0.005263157894736842,33.0
2021-07-20,1.0,0.0,0.0,0.0,0.0,0.0,1.0,0.04736842105263158,0.042105263157894736,0.005263157894736842,0.015789473684210527,0.18947368421052632,0.03684210526315789,0.0,0.12631578947368421,0.11052631578947368,0.38421052631578945,0.28421052631578947,0.3,0.2631578947368421,0.49473684210526314,0.23157894736842105,0.04736842105263158,0.0,85.0
2021-07-21,1.0,0.0,0.0,0.0,0.0,0.0,1.0,0.015789473684210527,0.010526315789473684,0.0,0.005263157894736842,0.02631578947368421,0.005263157894736842,0.0,0.015789473684210527,0.02631578947368421,0.4052631578947368,0.3,0.31052631578947365,0.2736842105263158,0.5263157894736842,0.24736842105263157,0.05263157894736842,0.0,17.0
2021-07-24,1.0,1.0,1.0,0.0,0.0,0.0,1.0,0.015789473684210527,0.04736842105263158,0.010526315789473684,0.031578947368421054,0.18421052631578946,0.015789473684210527,0.0,0.17368421052631577,0.07894736842105263,0.37894736842105264,0.31052631578947365,0.3368421052631579,0.2894736842105263,0.49473684210526314,0.35789473684210527,0.07368421052631578,0.005263157894736842,73.0
2021-07-25,1.0,0.0,0.0,0.0,0.0,0.0,1.0,0.03684210526315789,0.042105263157894736,0.010526315789473684,0.021052631578947368,0.18421052631578946,0.010526315789473684,0.0,0.12105263157894737,0.11578947368421053,0.39473684210526316,0.32105263157894737,0.3368421052631579,0.3,0.5263157894736842,0.3,0.07368421052631578,0.0,80.0
2021-07-26,1.0,0.0,0.0,1.0,0.0,0.0,0.0,0.02631578947368421,0.03684210526315789,0.02631578947368421,0.031578947368421054,0.17368421052631577,0.0,0.0,0.1368421052631579,0.15789473684210525,0.38421052631578945,0.32105263157894737,0.3368421052631579,0.31052631578947365,0.5263157894736842,0.34210526315789475,0.07894736842105263,0.0,86.0
2021-07-27,1.0,0.0,0.0,0.0,0.0,1.0,0.0,0.031578947368421054,0.03684210526315789,0.0,0.02631578947368421,0.17894736842105263,0.010526315789473684,0.0,0.09999999999999999,0.06842105263157895,0.37894736842105264,0.32105263157894737,0.33157894736842103,0.3,0.5263157894736842,0.35789473684210527,0.08947368421052632,0.015789473684210527,67.0
2021-08-01,1.0,0.0,0.0,0.0,0.0,0.0,1.0,0.07368421052631578,0.031578947368421054,0.015789473684210527,0.021052631578947368,0.19999999999999998,0.0,0.005263157894736842,0.18947368421052632,0.07894736842105263,0.34736842105263155,0.28421052631578947,0.32105263157894737,0.2631578947368421,0.5263157894736842,0.35789473684210527,0.07894736842105263,0.015789473684210527,81.0
2021-08-02,1.0,0.0,0.0,0.0,0.0,0.0,1.0,0.02631578947368421,0.09999999999999999,0.042105263157894736,0.02631578947368421,0.14736842105263157,0.010526315789473684,0.0,0.15789473684210525,0.29473684210526313,0.35789473684210527,0.2631578947368421,0.28421052631578947,0.24210526315789474,0.49473684210526314,0.2736842105263158,0.06842105263157895,0.0,123.0
2021-08-03,1.0,0.0,0.0,0.0,0.0,0.0,1.0,0.015789473684210527,0.04736842105263158,0.005263157894736842,0.05263157894736842,0.09999999999999999,0.0,0.0,0.10526315789473684,0.08421052631578947,0.34736842105263155,0.2631578947368421,0.2894736842105263,0.2631578947368421,0.5263157894736842,0.3157894736842105,0.05263157894736842,0.0,58.0
2021-08-04,1.0,0.0,0.0,0.0,0.0,0.0,1.0,0.021052631578947368,0.06315789473684211,0.015789473684210527,0.04736842105263158,0.17368421052631577,0.03684210526315789,0.0,0.14210526315789473,0.3157894736842105,0.37894736842105264,0.2736842105263158,0.31052631578947365,0.2736842105263158,0.5263157894736842,0.29473684210526313,0.06315789473684211,0.005263157894736842,128.0
2021-08-18,1.0,0.0,0.0,1.0,0.0,0.0,0.0,0.015789473684210527,0.031578947368421054,0.005263157894736842,0.06842105263157895,0.11052631578947368,0.005263157894736842,0.0,0.08947368421052632,0.09473684210526316,0.34736842105263155,0.31052631578947365,0.32105263157894737,0.28421052631578947,0.5263157894736842,0.38421052631578945,0.09473684210526316,0.015789473684210527,63.0
2021-08-19,1.0,0.0,0.0,0.0,0.0,1.0,0.0,0.03684210526315789,0.05263157894736842,0.03684210526315789,0.03684210526315789,0.15789473684210525,0.005263157894736842,0.0,0.16842105263157894,0.25263157894736843,0.34736842105263155,0.2894736842105263,0.32105263157894737,0.28421052631578947,0.49473684210526314,0.38421052631578945,0.08421052631578947,0.031578947368421054,110.0
2021-08-20,1.0,0.0,0.0,1.0,0.0,0.0,0.0,0.0,0.04736842105263158,0.0,0.0,0.05263157894736842,0.0,0.021052631578947368,0.031578947368421054,0.04736842105263158,0.37894736842105264,0.2894736842105263,0.33157894736842103,0.28421052631578947,0.5263157894736842,0.3631578947368421,0.06842105263157895,0.010526315789473684,32.0
2021-08-21,1.0,1.0,1.0,0.0,0.0,0.0,1.0,0.010526315789473684,0.11052631578947368,0.04736842105263158,0.015789473684210527,0.24210526315789474,0.03684210526315789,0.08421052631578947,0.18947368421052632,0.3631578947368421,0.38421052631578945,0.28421052631578947,0.3368421052631579,0.28421052631578947,0.5263157894736842,0.32105263157894737,0.04736842105263158,0.005263157894736842,173.0
2021-08-23,1.0,0.0,0.0,0.0,0.0,0.0,1.0,0.005263157894736842,0.08421052631578947,0.0,0.042105263157894736,0.10526315789473684,0.005263157894736842,0.0,0.07894736842105263,0.1368421052631579,0.37894736842105264,0.32105263157894737,0.32105263157894737,0.2736842105263158,0.49473684210526314,0.2789473684210526,0.08421052631578947,0.03684210526315789,72.0
2021-08-25,1.0,0.0,0.0,0.0,1.0,0.0,0.0,0.042105263157894736,0.06315789473684211,0.005263157894736842,0.02631578947368421,0.18421052631578946,0.021052631578947368,0.010526315789473684,0.14736842105263157,0.18421052631578946,0.3684210526315789,0.3,0.32105263157894737,0.2894736842105263,0.5263157894736842,0.3368421052631579,0.07894736842105263,0.015789473684210527,102.0
2021-08-26,1.0,0.0,0.0,1.0,0.0,0.0,0.0,0.010526315789473684,0.05263157894736842,0.0,0.005263157894736842,0.11578947368421053,0.015789473684210527,0.0,0.08421052631578947,0.1631578947368421,0.34736842105263155,0.28421052631578947,0.3,0.2631578947368421,0.4631578947368421,0.3368421052631579,0.07894736842105263,0.031578947368421054,69.0
2021-08-27,1.0,0.0,0.0,0.0,0.0,1.0,0.0,0.03684210526315789,0.07368421052631578,0.0,0.021052631578947368,0.15789473684210525,0.05263157894736842,0.0,0.09999999999999999,0.26842105263157895,0.34736842105263155,0.2736842105263158,0.3,0.2631578947368421,0.49473684210526314,0.3368421052631579,0.09473684210526316,0.02631578947368421,116.0
2021-08-28,1.0,1.0,1.0,0.0,0.0,0.0,1.0,0.021052631578947368,0.02631578947368421,0.010526315789473684,0.015789473684210527,0.08947368421052632,0.005263157894736842,0.0,0.08947368421052632,0.06842105263157895,0.35789473684210527,0.3,0.31052631578947365,0.2736842105263158,0.5263157894736842,0.3157894736842105,0.08947368421052632,0.031578947368421054,45.0
2021-08-29,1.0,0.0,0.0,0.0,0.0,1.0,0.0,0.015789473684210527,0.03684210526315789,0.005263157894736842,0.02631578947368421,0.031578947368421054,0.005263157894736842,0.005263157894736842,0.02631578947368421,0.06315789473684211,0.3368421052631579,0.31052631578947365,0.32105263157894737,0.28421052631578947,0.5263157894736842,0.4052631578947368,0.07894736842105263,0.03684210526315789,36.0
2021-08-31,1.0,0.0,0.0,1.0,0.0,0.0,0.0,0.042105263157894736,0.05789473684210526,0.021052631578947368,0.07894736842105263,0.15789473684210525,0.031578947368421054,0.0,0.1631578947368421,0.25789473684210523,0.34736842105263155,0.28421052631578947,0.3,0.28421052631578947,0.5263157894736842,0.35789473684210527,0.07368421052631578,0.02631578947368421,123.0
2021-09-01,1.0,0.0,0.0,1.0,0.0,0.0,0.0,0.021052631578947368,0.031578947368421054,0.015789473684210527,0.08421052631578947,0.26842105263157895,0.010526315789473684,0.0,0.24210526315789474,0.06315789473684211,0.3368421052631579,0.31052631578947365,0.3,0.2736842105263158,0.4631578947368421,0.35789473684210527,0.04736842105263158,0.010526315789473684,94.0
2021-09-02,1.0,0.0,0.0,1.0,0.0,0.0,0.0,0.010526315789473684,0.06315789473684211,0.005263157894736842,0.015789473684210527,0.08421052631578947,0.04736842105263158,0.0,0.06842105263157895,0.14736842105263157,0.34736842105263155,0.2894736842105263,0.2894736842105263,0.2736842105263158,0.49473684210526314,0.3368421052631579,0.042105263157894736,0.010526315789473684,71.0
2021-09-04,1.0,1.0,1.0,0.0,0.0,0.0,1.0,0.010526315789473684,0.010526315789473684,0.0,0.021052631578947368,0.15263157894736842,0.0,0.0,0.11578947368421053,0.03684210526315789,0.35789473684210527,0.3,0.3,0.2736842105263158,0.49473684210526314,0.3368421052631579,0.08421052631578947,0.031578947368421054,44.0
2021-09-05,1.0,0.0,0.0,0.0,0.0,0.0,1.0,0.05789473684210526,0.05263157894736842,0.04736842105263158,0.042105263157894736,0.3263157894736842,0.0,0.0,0.20526315789473684,0.15789473684210525,0.37894736842105264,0.2736842105263158,0.3,0.2631578947368421,0.5263157894736842,0.3,0.05263157894736842,0.015789473684210527,130.0
2021-09-06,1.0,0.0,0.0,0.0,0.0,0.0,1.0,0.021052631578947368,0.08947368421052632,0.042105263157894736,0.021052631578947368,0.18947368421052632,0.005263157894736842,0.0,0.13157894736842105,0.37894736842105264,0.39473684210526316,0.28421052631578947,0.32105263157894737,0.28421052631578947,0.5263157894736842,0.2631578947368421,0.03684210526315789,0.005263157894736842,142.0
2021-09-07,1.0,0.0,0.0,0.0,0.0,0.0,1.0,0.07894736842105263,0.18421052631578946,0.010526315789473684,0.12105263157894737,0.2789473684210526,0.015789473684210527,0.015789473684210527,0.23684210526315788,0.35789473684210527,0.4052631578947368,0.3,0.33157894736842103,0.2894736842105263,0.49473684210526314,0.2631578947368421,0.042105263157894736,0.005263157894736842,202.0
2021-09-08,1.0,0.0,0.0,0.0,0.0,0.0,1.0,0.042105263157894736,0.18421052631578946,0.021052631578947368,0.021052631578947368,0.25263157894736843,0.05789473684210526,0.0,0.2263157894736842,0.5473684210526316,0.4263157894736842,0.3,0.32105263157894737,0.28421052631578947,0.4631578947368421,0.23157894736842105,0.06315789473684211,0.015789473684210527,214.0
2021-09-09,1.0,0.0,0.0,0.0,0.0,0.0,1.0,0.04736842105263158,0.042105263157894736,0.02631578947368421,0.021052631578947368,0.24736842105263157,0.010526315789473684,0.0,0.13157894736842105,0.25263157894736843,0.41578947368421054,0.31052631578947365,0.34736842105263155,0.2894736842105263,0.4631578947368421,0.3,0.07368421052631578,0.0,123.0
2021-09-10,1.0,0.0,0.0,0.0,0.0,0.0,1.0,0.031578947368421054,0.09999999999999999,0.005263157894736842,0.021052631578947368,0.2263157894736842,0.021052631578947368,0.005263157894736842,0.16842105263157894,0.29473684210526313,0.38421052631578945,0.33157894736842103,0.34736842105263155,0.3,0.5263157894736842,0.3631578947368421,0.07368421052631578,0.010526315789473684,134.0
2021-09-12,1.0,0.0,0.0,0.0,0.0,0.0,1.0,0.08421052631578947,0.08947368421052632,0.031578947368421054,0.05789473684210526,0.29473684210526313,0.015789473684210527,0.0,0.25789473684210523,0.34736842105263155,0.3684210526315789,0.2894736842105263,0.33157894736842103,0.28421052631578947,0.49473684210526314,0.3368421052631579,0.06842105263157895,0.010526315789473684,175.0
2021-09-13,1.0,0.0,0.0,1.0,0.0,0.0,0.0,0.04736842105263158,0.09999999999999999,0.021052631578947368,0.05789473684210526,0.1368421052631579,0.0,0.19999999999999998,0.13157894736842105,0.31052631578947365,0.34736842105263155,0.28421052631578947,0.31052631578947365,0.2736842105263158,0.5263157894736842,0.38421052631578945,0.05263157894736842,0.0,166.0
2021-09-14,1.0,0.0,0.0,0.0,0.0,0.0,1.0,0.015789473684210527,0.08421052631578947,0.010526315789473684,0.02631578947368421,0.25263157894736843,0.010526315789473684,0.010526315789473684,0.17368421052631577,0.3263157894736842,0.38421052631578945,0.2894736842105263,0.33157894736842103,0.28421052631578947,0.49473684210526314,0.32105263157894737,0.06315789473684211,0.010526315789473684,140.0
2021-09-18,1.0,1.0,1.0,0.0,0.0,0.0,1.0,0.0,0.005263157894736842,0.005263157894736842,0.0,0.0,0.0,0.0,0.0,0.005263157894736842,0.37894736842105264,0.28421052631578947,0.32105263157894737,0.2736842105263158,0.5263157894736842,0.3,0.04736842105263158,0.005263157894736842,3.0
2021-09-20,1.0,0.0,0.0,0.0,0.0,0.0,1.0,0.0,0.0,0.0,0.0,0.005263157894736842,0.0,0.0,0.0,0.005263157894736842,0.33157894736842103,0.25263157894736843,0.2736842105263158,0.2263157894736842,0.4894736842105263,0.2894736842105263,0.07894736842105263,0.005263157894736842,2.0
2021-09-22,1.0,0.0,0.0,0.0,0.0,0.0,1.0,0.015789473684210527,0.09473684210526316,0.010526315789473684,0.0,0.14736842105263157,0.031578947368421054,0.0,0.11578947368421053,0.19999999999999998,0.3684210526315789,0.25263157894736843,0.31052631578947365,0.25263157894736843,0.5263157894736842,0.3157894736842105,0.07368421052631578,0.005263157894736842,95.0
2021-09-23,1.0,0.0,0.0,1.0,0.0,0.0,0.0,0.042105263157894736,0.031578947368421054,0.031578947368421054,0.010526315789473684,0.13157894736842105,0.005263157894736842,0.010526315789473684,0.10526315789473684,0.20526315789473684,0.3368421052631579,0.28421052631578947,0.31052631578947365,0.2631578947368421,0.49473684210526314,0.37894736842105264,0.11052631578947368,0.015789473684210527,89.0
2021-09-24,1.0,0.0,0.0,0.0,0.0,0.0,1.0,0.0,0.0,0.0,0.0,0.0,0.0,0.021052631578947368,0.0,0.010526315789473684,0.3684210526315789,0.3,0.31052631578947365,0.28421052631578947,0.49473684210526314,0.3368421052631579,0.12631578947368421,0.02631578947368421,6.0
2021-09-25,1.0,1.0,1.0,1.0,0.0,0.0,0.0,0.031578947368421054,0.07368421052631578,0.0,0.07894736842105263,0.28421052631578947,0.015789473684210527,0.0,0.23157894736842105,0.25789473684210523,0.3684210526315789,0.31052631578947365,0.33157894736842103,0.3,0.5263157894736842,0.4105263157894737,0.05263157894736842,0.015789473684210527,141.0
2021-09-26,1.0,0.0,0.0,0.0,0.0,0.0,1.0,0.0,0.010526315789473684,0.015789473684210527,0.0,0.0,0.0,0.0,0.0,0.0,0.38421052631578945,0.3,0.33157894736842103,0.2894736842105263,0.5263157894736842,0.32105263157894737,0.06842105263157895,0.010526315789473684,5.0
2021-09-27,1.0,0.0,0.0,0.0,0.0,0.0,1.0,0.0,0.015789473684210527,0.005263157894736842,0.0,0.005263157894736842,0.0,0.0,0.005263157894736842,0.0,0.35789473684210527,0.28421052631578947,0.32105263157894737,0.2631578947368421,0.5263157894736842,0.35789473684210527,0.12105263157894737,0.02631578947368421,5.0
2021-09-28,1.0,0.0,0.0,0.0,0.0,0.0,1.0,0.0,0.03684210526315789,0.015789473684210527,0.0,0.005263157894736842,0.0,0.0,0.005263157894736842,0.0,0.34736842105263155,0.2736842105263158,0.28421052631578947,0.25263157894736843,0.49473684210526314,0.2736842105263158,0.07368421052631578,0.03684210526315789,11.0
2021-09-29,1.0,0.0,0.0,0.0,0.0,1.0,0.0,0.0,0.0,0.0,0.0,0.015789473684210527,0.0,0.0,0.005263157894736842,0.0,0.31052631578947365,0.2631578947368421,0.2736842105263158,0.2263157894736842,0.49473684210526314,0.33157894736842103,0.13157894736842105,0.031578947368421054,3.0
2021-09-30,1.0,0.0,0.0,1.0,0.0,0.0,0.0,0.0,0.021052631578947368,0.04736842105263158,0.0,0.0,0.0,0.0,0.005263157894736842,0.0,0.31052631578947365,0.2631578947368421,0.25263157894736843,0.2263157894736842,0.45789473684210524,0.33157894736842103,0.11052631578947368,0.042105263157894736,13.0
2021-10-01,1.0,0.0,0.0,0.0,0.0,1.0,0.0,0.0,0.0,0.0,0.0,0.015789473684210527,0.0,0.0,0.005263157894736842,0.0,0.31052631578947365,0.28421052631578947,0.2894736842105263,0.24210526315789474,0.5263157894736842,0.3526315789473684,0.11052631578947368,0.031578947368421054,3.0
2021-10-02,1.0,1.0,1.0,0.0,0.0,1.0,0.0,0.0,0.021052631578947368,0.015789473684210527,0.0,0.005263157894736842,0.0,0.0,0.010526315789473684,0.0,0.33157894736842103,0.25263157894736843,0.31052631578947365,0.25263157894736843,0.5263157894736842,0.37894736842105264,0.1631578947368421,0.010526315789473684,8.0
2021-10-03,1.0,0.0,0.0,0.0,0.0,1.0,0.0,0.0,0.005263157894736842,0.0,0.0,0.031578947368421054,0.0,0.0,0.010526315789473684,0.0,0.33157894736842103,0.28421052631578947,0.31052631578947365,0.2631578947368421,0.49473684210526314,0.43157894736842106,0.12631578947368421,0.015789473684210527,7.0
2021-10-04,1.0,0.0,0.0,0.0,0.0,0.0,1.0,0.0,0.010526315789473684,0.010526315789473684,0.0,0.0,0.0,0.0,0.0,0.005263157894736842,0.33157894736842103,0.2631578947368421,0.2736842105263158,0.25263157894736843,0.49473684210526314,0.31052631578947365,0.12631578947368421,0.042105263157894736,5.0
2021-10-05,1.0,0.0,0.0,0.0,0.0,0.0,1.0,0.0,0.0,0.005263157894736842,0.0,0.0,0.0,0.0,0.0,0.0,0.32105263157894737,0.2736842105263158,0.2894736842105263,0.24210526315789474,0.49473684210526314,0.37894736842105264,0.12631578947368421,0.04736842105263158,1.0
2021-10-07,1.0,0.0,0.0,1.0,0.0,0.0,0.0,0.0,0.005263157894736842,0.010526315789473684,0.0,0.005263157894736842,0.0,0.0,0.005263157894736842,0.0,0.33157894736842103,0.24210526315789474,0.3,0.24210526315789474,0.5263157894736842,0.37894736842105264,0.042105263157894736,0.0,4.0
2021-10-08,1.0,0.0,0.0,0.0,1.0,0.0,0.0,0.0,0.005263157894736842,0.0,0.0,0.005263157894736842,0.0,0.0,0.005263157894736842,0.005263157894736842,0.33157894736842103,0.23684210526315788,0.28421052631578947,0.23684210526315788,0.5263157894736842,0.35789473684210527,0.04736842105263158,0.010526315789473684,3.0
2021-10-09,1.0,1.0,1.0,0.0,0.0,0.0,1.0,0.0,0.010526315789473684,0.005263157894736842,0.0,0.021052631578947368,0.0,0.0,0.005263157894736842,0.0,0.31052631578947365,0.24210526315789474,0.2736842105263158,0.23684210526315788,0.5263157894736842,0.37894736842105264,0.04736842105263158,0.005263157894736842,7.0
2021-10-10,1.0,0.0,0.0,0.0,1.0,0.0,0.0,0.0,0.005263157894736842,0.0,0.0,0.0,0.0,0.0,0.0,0.0,0.33157894736842103,0.21578947368421053,0.2894736842105263,0.20526315789473684,0.5263157894736842,0.35789473684210527,0.05263157894736842,0.0,1.0
2021-10-11,1.0,0.0,0.0,0.0,0.0,0.0,1.0,0.0,0.0,0.010526315789473684,0.0,0.0,0.0,0.0,0.0,0.005263157894736842,0.32105263157894737,0.24210526315789474,0.2736842105263158,0.24210526315789474,0.5263157894736842,0.33157894736842103,0.08421052631578947,0.0,3.0
2021-10-12,1.0,0.0,0.0,0.0,0.0,1.0,0.0,0.0,0.0,0.005263157894736842,0.0,0.015789473684210527,0.0,0.0,0.005263157894736842,0.0,0.31052631578947365,0.23684210526315788,0.28421052631578947,0.20526315789473684,0.5263157894736842,0.30526315789473685,0.08947368421052632,0.010526315789473684,4.0
2021-10-13,1.0,0.0,0.0,0.0,0.0,0.0,1.0,0.0,0.042105263157894736,0.031578947368421054,0.005263157894736842,0.015789473684210527,0.0,0.0,0.02631578947368421,0.005263157894736842,0.3,0.23684210526315788,0.2894736842105263,0.2263157894736842,0.5263157894736842,0.33157894736842103,0.06842105263157895,0.010526315789473684,19.0
2021-10-14,1.0,0.0,0.0,1.0,0.0,0.0,0.0,0.0,0.010526315789473684,0.010526315789473684,0.0,0.005263157894736842,0.0,0.0,0.005263157894736842,0.0,0.32105263157894737,0.2894736842105263,0.2894736842105263,0.2631578947368421,0.5263157894736842,0.35789473684210527,0.10526315789473684,0.02631578947368421,5.0
2021-10-15,1.0,0.0,0.0,0.0,0.0,0.0,1.0,0.0,0.0,0.005263157894736842,0.0,0.010526315789473684,0.0,0.0,0.010526315789473684,0.0,0.31052631578947365,0.24210526315789474,0.2894736842105263,0.20526315789473684,0.5263157894736842,0.2894736842105263,0.11578947368421053,0.005263157894736842,3.0
2021-10-16,1.0,1.0,1.0,1.0,0.0,0.0,0.0,0.0,0.0,0.0,0.0,0.005263157894736842,0.0,0.0,0.005263157894736842,0.0,0.3,0.24210526315789474,0.25263157894736843,0.2263157894736842,0.4894736842105263,0.33157894736842103,0.07894736842105263,0.005263157894736842,1.0
2021-10-17,1.0,0.0,0.0,0.0,0.0,0.0,1.0,0.0,0.021052631578947368,0.042105263157894736,0.0,0.02631578947368421,0.0,0.0,0.02631578947368421,0.0,0.3,0.2631578947368421,0.25263157894736843,0.2263157894736842,0.43157894736842106,0.33157894736842103,0.08421052631578947,0.031578947368421054,17.0
2021-10-18,1.0,0.0,0.0,0.0,0.0,0.0,1.0,0.005263157894736842,0.02631578947368421,0.031578947368421054,0.0,0.07368421052631578,0.0,0.0,0.031578947368421054,0.0,0.3,0.24210526315789474,0.28421052631578947,0.2263157894736842,0.49473684210526314,0.37894736842105264,0.06842105263157895,0.03684210526315789,26.0
2021-10-23,1.0,1.0,1.0,1.0,0.0,0.0,0.0,0.0,0.0,0.015789473684210527,0.0,0.04736842105263158,0.0,0.0,0.021052631578947368,0.0,0.2736842105263158,0.20526315789473684,0.25263157894736843,0.19473684210526315,0.5263157894736842,0.39999999999999997,0.04736842105263158,0.005263157894736842,12.0
2021-10-24,1.0,0.0,0.0,0.0,0.0,0.0,1.0,0.031578947368421054,0.14210526315789473,0.06842105263157895,0.015789473684210527,0.3263157894736842,0.010526315789473684,0.0,0.17368421052631577,0.24210526315789474,0.28421052631578947,0.21578947368421053,0.23684210526315788,0.20526315789473684,0.5263157894736842,0.3526315789473684,0.07368421052631578,0.02631578947368421,159.0
2021-10-26,1.0,0.0,0.0,0.0,0.0,0.0,1.0,0.005263157894736842,0.021052631578947368,0.031578947368421054,0.0,0.10526315789473684,0.0,0.0,0.06842105263157895,0.042105263157894736,0.3,0.25263157894736843,0.28421052631578947,0.25263157894736843,0.5263157894736842,0.4052631578947368,0.09473684210526316,0.031578947368421054,39.0
2021-10-27,1.0,0.0,0.0,1.0,0.0,0.0,0.0,0.0,0.005263157894736842,0.005263157894736842,0.0,0.021052631578947368,0.0,0.0,0.010526315789473684,0.015789473684210527,0.31052631578947365,0.2631578947368421,0.2894736842105263,0.25263157894736843,0.49473684210526314,0.4052631578947368,0.09473684210526316,0.042105263157894736,9.0
2021-10-28,1.0,0.0,0.0,0.0,0.0,0.0,1.0,0.0,0.05263157894736842,0.02631578947368421,0.0,0.11052631578947368,0.005263157894736842,0.0,0.05263157894736842,0.08947368421052632,0.32105263157894737,0.25263157894736843,0.2736842105263158,0.24210526315789474,0.5263157894736842,0.35789473684210527,0.08947368421052632,0.042105263157894736,54.0
2021-10-29,1.0,0.0,0.0,0.0,0.0,0.0,1.0,0.0,0.0,0.0,0.0,0.04736842105263158,0.0,0.0,0.02631578947368421,0.010526315789473684,0.33157894736842103,0.25263157894736843,0.2736842105263158,0.23684210526315788,0.49473684210526314,0.33157894736842103,0.11578947368421053,0.042105263157894736,11.0
2021-11-01,1.0,0.0,0.0,0.0,0.0,0.0,1.0,0.021052631578947368,0.042105263157894736,0.07894736842105263,0.06315789473684211,0.20526315789473684,0.005263157894736842,0.0,0.18947368421052632,0.14210526315789473,0.2894736842105263,0.2263157894736842,0.25263157894736843,0.21578947368421053,0.49473684210526314,0.3526315789473684,0.13157894736842105,0.04736842105263158,106.0
2021-11-02,1.0,0.0,0.0,0.0,0.0,1.0,0.0,0.005263157894736842,0.0,0.005263157894736842,0.0,0.02631578947368421,0.0,0.0,0.010526315789473684,0.015789473684210527,0.25263157894736843,0.21578947368421053,0.24210526315789474,0.20526315789473684,0.5263157894736842,0.4263157894736842,0.05263157894736842,0.010526315789473684,10.0
2021-11-03,1.0,0.0,0.0,0.0,1.0,0.0,0.0,0.010526315789473684,0.021052631578947368,0.015789473684210527,0.010526315789473684,0.11052631578947368,0.005263157894736842,0.0,0.08947368421052632,0.05789473684210526,0.2736842105263158,0.18947368421052632,0.24210526315789474,0.18947368421052632,0.5263157894736842,0.39999999999999997,0.04736842105263158,0.0,44.0
2021-11-04,1.0,0.0,0.0,0.0,1.0,0.0,0.0,0.0,0.0,0.005263157894736842,0.09999999999999999,0.015789473684210527,0.015789473684210527,0.0,0.10526315789473684,0.005263157894736842,0.28421052631578947,0.17894736842105263,0.25263157894736843,0.17894736842105263,0.5263157894736842,0.4052631578947368,0.07368421052631578,0.0,27.0
2021-11-06,1.0,1.0,1.0,1.0,0.0,0.0,0.0,0.0,0.0,0.015789473684210527,0.0,0.021052631578947368,0.005263157894736842,0.0,0.015789473684210527,0.010526315789473684,0.2894736842105263,0.25263157894736843,0.2736842105263158,0.23684210526315788,0.5263157894736842,0.37894736842105264,0.13157894736842105,0.04736842105263158,10.0
2021-11-08,1.0,0.0,0.0,1.0,0.0,0.0,0.0,0.010526315789473684,0.042105263157894736,0.02631578947368421,0.0,0.02631578947368421,0.0,0.0,0.031578947368421054,0.08421052631578947,0.28421052631578947,0.19473684210526315,0.24210526315789474,0.19473684210526315,0.5263157894736842,0.37894736842105264,0.05263157894736842,0.005263157894736842,36.0
2021-11-09,1.0,0.0,0.0,1.0,0.0,0.0,0.0,0.021052631578947368,0.05789473684210526,0.005263157894736842,0.06842105263157895,0.15789473684210525,0.010526315789473684,0.021052631578947368,0.14736842105263157,0.19473684210526315,0.2736842105263158,0.21578947368421053,0.2631578947368421,0.20526315789473684,0.5263157894736842,0.45789473684210524,0.07894736842105263,0.031578947368421054,102.0
2021-11-10,1.0,0.0,0.0,1.0,0.0,0.0,0.0,0.005263157894736842,0.021052631578947368,0.010526315789473684,0.03684210526315789,0.13157894736842105,0.031578947368421054,0.0,0.09473684210526316,0.08421052631578947,0.28421052631578947,0.25263157894736843,0.25263157894736843,0.23684210526315788,0.49473684210526314,0.4052631578947368,0.06315789473684211,0.010526315789473684,61.0
2021-11-12,1.0,0.0,0.0,0.0,1.0,0.0,0.0,0.015789473684210527,0.05789473684210526,0.0,0.06842105263157895,0.19999999999999998,0.021052631578947368,0.0,0.1368421052631579,0.12105263157894737,0.2631578947368421,0.21578947368421053,0.25263157894736843,0.20526315789473684,0.5263157894736842,0.39999999999999997,0.09473684210526316,0.031578947368421054,92.0
2021-11-13,1.0,1.0,1.0,0.0,0.0,1.0,0.0,0.031578947368421054,0.17368421052631577,0.010526315789473684,0.03684210526315789,0.2894736842105263,0.021052631578947368,0.0,0.19999999999999998,0.20526315789473684,0.3,0.2631578947368421,0.28421052631578947,0.25263157894736843,0.5263157894736842,0.43157894736842106,0.08947368421052632,0.010526315789473684,146.0
2021-11-14,1.0,0.0,0.0,1.0,0.0,0.0,0.0,0.04736842105263158,0.08947368421052632,0.005263157894736842,0.015789473684210527,0.17894736842105263,0.031578947368421054,0.0,0.14210526315789473,0.25263157894736843,0.2736842105263158,0.25263157894736843,0.2631578947368421,0.2263157894736842,0.5263157894736842,0.43157894736842106,0.06842105263157895,0.005263157894736842,118.0
2021-11-17,1.0,0.0,0.0,0.0,1.0,0.0,0.0,0.02631578947368421,0.015789473684210527,0.010526315789473684,0.021052631578947368,0.08421052631578947,0.015789473684210527,0.0,0.08421052631578947,0.11052631578947368,0.28421052631578947,0.23684210526315788,0.25263157894736843,0.21578947368421053,0.5263157894736842,0.3736842105263158,0.07894736842105263,0.03684210526315789,54.0
2021-11-19,1.0,0.0,0.0,0.0,0.0,0.0,1.0,0.010526315789473684,0.05789473684210526,0.0,0.015789473684210527,0.05263157894736842,0.021052631578947368,0.0,0.07368421052631578,0.12105263157894737,0.3,0.25263157894736843,0.2736842105263158,0.24210526315789474,0.5263157894736842,0.4052631578947368,0.09473684210526316,0.03684210526315789,53.0
2021-11-20,1.0,1.0,1.0,1.0,0.0,0.0,0.0,0.07368421052631578,0.09999999999999999,0.02631578947368421,0.09473684210526316,0.21578947368421053,0.05263157894736842,0.0,0.18421052631578946,0.34210526315789475,0.28421052631578947,0.25263157894736843,0.2631578947368421,0.24210526315789474,0.5263157894736842,0.43157894736842106,0.07894736842105263,0.031578947368421054,172.0
2021-11-21,1.0,0.0,0.0,0.0,0.0,1.0,0.0,0.010526315789473684,0.07368421052631578,0.005263157894736842,0.021052631578947368,0.09999999999999999,0.042105263157894736,0.0,0.07894736842105263,0.18421052631578946,0.2631578947368421,0.2263157894736842,0.2631578947368421,0.19473684210526315,0.5263157894736842,0.3736842105263158,0.07894736842105263,0.02631578947368421,83.0
2021-11-22,1.0,0.0,0.0,0.0,0.0,0.0,1.0,0.03684210526315789,0.07368421052631578,0.042105263157894736,0.03684210526315789,0.15263157894736842,0.031578947368421054,0.010526315789473684,0.13157894736842105,0.33157894736842103,0.25263157894736843,0.17894736842105263,0.20526315789473684,0.16842105263157894,0.5263157894736842,0.34736842105263155,0.04736842105263158,0.010526315789473684,136.0
2021-11-24,1.0,0.0,0.0,1.0,0.0,0.0,0.0,0.021052631578947368,0.06315789473684211,0.005263157894736842,0.0,0.11052631578947368,0.04736842105263158,0.005263157894736842,0.07894736842105263,0.12631578947368421,0.25263157894736843,0.2263157894736842,0.23684210526315788,0.19473684210526315,0.5263157894736842,0.39999999999999997,0.06842105263157895,0.0,72.0
2021-11-27,1.0,1.0,1.0,0.0,0.0,1.0,0.0,0.005263157894736842,0.015789473684210527,0.005263157894736842,0.031578947368421054,0.03684210526315789,0.010526315789473684,0.0,0.05263157894736842,0.010526315789473684,0.20526315789473684,0.19473684210526315,0.19473684210526315,0.17894736842105263,0.5263157894736842,0.45789473684210524,0.09473684210526316,0.005263157894736842,22.0
2021-11-28,1.0,0.0,0.0,0.0,0.0,1.0,0.0,0.05789473684210526,0.08947368421052632,0.010526315789473684,0.03684210526315789,0.16842105263157894,0.07894736842105263,0.0,0.1631578947368421,0.15263157894736842,0.21578947368421053,0.15789473684210525,0.19473684210526315,0.14736842105263157,0.5263157894736842,0.4263157894736842,0.07894736842105263,0.0,113.0
2021-11-29,1.0,0.0,0.0,0.0,0.0,1.0,0.0,0.015789473684210527,0.09473684210526316,0.021052631578947368,0.03684210526315789,0.14210526315789473,0.09473684210526316,0.0,0.16842105263157894,0.1368421052631579,0.23684210526315788,0.17894736842105263,0.20526315789473684,0.15789473684210525,0.4894736842105263,0.3684210526315789,0.09473684210526316,0.015789473684210527,103.0
2021-12-04,1.0,1.0,1.0,0.0,1.0,0.0,0.0,0.02631578947368421,0.09473684210526316,0.042105263157894736,0.04736842105263158,0.23684210526315788,0.05263157894736842,0.010526315789473684,0.20526315789473684,0.15263157894736842,0.23684210526315788,0.21578947368421053,0.21578947368421053,0.19473684210526315,0.5263157894736842,0.39999999999999997,0.08421052631578947,0.031578947368421054,126.0
2021-12-06,1.0,0.0,1.0,0.0,1.0,0.0,0.0,0.4526315789473684,0.010526315789473684,0.005263157894736842,0.0,0.010526315789473684,0.010526315789473684,0.005263157894736842,0.015789473684210527,0.042105263157894736,0.20526315789473684,0.17894736842105263,0.20526315789473684,0.16842105263157894,0.5263157894736842,0.45789473684210524,0.11052631578947368,0.010526315789473684,102.0
2021-12-07,1.0,0.0,0.0,0.0,0.0,1.0,0.0,0.02631578947368421,0.06842105263157895,0.02631578947368421,0.010526315789473684,0.23684210526315788,0.042105263157894736,0.005263157894736842,0.18947368421052632,0.31052631578947365,0.2263157894736842,0.18947368421052632,0.20526315789473684,0.16842105263157894,0.5263157894736842,0.39999999999999997,0.12105263157894737,0.015789473684210527,138.0
2021-12-09,1.0,0.0,0.0,0.0,0.0,0.0,1.0,0.02631578947368421,0.042105263157894736,0.031578947368421054,0.02631578947368421,0.08947368421052632,0.021052631578947368,0.005263157894736842,0.10526315789473684,0.21578947368421053,0.2263157894736842,0.0,0.21578947368421053,0.0,0.5263157894736842,0.0,0.07894736842105263,0.03684210526315789,87.0
2021-12-10,1.0,0.0,0.0,0.0,0.0,1.0,0.0,0.031578947368421054,0.12631578947368421,0.015789473684210527,0.015789473684210527,0.15263157894736842,0.031578947368421054,0.0,0.09473684210526316,0.3894736842105263,0.20526315789473684,0.18947368421052632,0.19473684210526315,0.17894736842105263,0.5263157894736842,0.4263157894736842,0.08421052631578947,0.005263157894736842,145.0
2021-12-11,1.0,1.0,1.0,0.0,0.0,0.0,1.0,0.005263157894736842,0.031578947368421054,0.0,0.010526315789473684,0.06315789473684211,0.05789473684210526,0.0,0.06315789473684211,0.13157894736842105,0.24210526315789474,0.18947368421052632,0.21578947368421053,0.17894736842105263,0.5263157894736842,0.39999999999999997,0.07894736842105263,0.0,57.0
2021-12-12,1.0,0.0,0.0,0.0,0.0,1.0,0.0,0.010526315789473684,0.005263157894736842,0.0,0.005263157894736842,0.05263157894736842,0.005263157894736842,0.0,0.03684210526315789,0.07894736842105263,0.28421052631578947,0.2263157894736842,0.2736842105263158,0.20526315789473684,0.5263157894736842,0.45789473684210524,0.08421052631578947,0.042105263157894736,30.0
2021-12-13,1.0,0.0,0.0,1.0,0.0,0.0,0.0,0.02631578947368421,0.09999999999999999,0.03684210526315789,0.010526315789473684,0.15263157894736842,0.09473684210526316,0.005263157894736842,0.10526315789473684,0.3157894736842105,0.2736842105263158,0.25263157894736843,0.2631578947368421,0.2263157894736842,0.49473684210526314,0.43157894736842106,0.06842105263157895,0.042105263157894736,141.0
2021-12-15,1.0,0.0,0.0,1.0,0.0,0.0,0.0,0.02631578947368421,0.042105263157894736,0.0,0.005263157894736842,0.12105263157894737,0.05263157894736842,0.0,0.07894736842105263,0.23157894736842105,0.2736842105263158,0.2263157894736842,0.25263157894736843,0.2263157894736842,0.5263157894736842,0.39999999999999997,0.07894736842105263,0.03684210526315789,91.0
2021-12-16,1.0,0.0,0.0,0.0,1.0,0.0,0.0,0.03684210526315789,0.07894736842105263,0.031578947368421054,0.015789473684210527,0.11578947368421053,0.08421052631578947,0.0,0.11578947368421053,0.4526315789473684,0.2736842105263158,0.19473684210526315,0.25263157894736843,0.19473684210526315,0.5263157894736842,0.45789473684210524,0.03684210526315789,0.0,155.0
2021-12-17,1.0,0.0,0.0,0.0,0.0,1.0,0.0,0.1631578947368421,0.07368421052631578,0.02631578947368421,0.005263157894736842,0.18947368421052632,0.042105263157894736,0.0,0.11578947368421053,0.23684210526315788,0.25263157894736843,0.23684210526315788,0.24210526315789474,0.23684210526315788,0.5263157894736842,0.45789473684210524,0.04736842105263158,0.0,140.0
2021-12-18,1.0,1.0,1.0,0.0,1.0,0.0,0.0,0.0,0.031578947368421054,0.0,0.015789473684210527,0.031578947368421054,0.005263157894736842,0.0,0.031578947368421054,0.010526315789473684,0.24210526315789474,0.21578947368421053,0.23684210526315788,0.21578947368421053,0.5263157894736842,0.4894736842105263,0.042105263157894736,0.010526315789473684,18.0
2021-12-19,1.0,0.0,0.0,0.0,0.0,1.0,0.0,0.09999999999999999,0.05263157894736842,0.005263157894736842,0.02631578947368421,0.14736842105263157,0.03684210526315789,0.0,0.14736842105263157,0.11578947368421053,0.24210526315789474,0.2263157894736842,0.23684210526315788,0.20526315789473684,0.5263157894736842,0.4263157894736842,0.06315789473684211,0.015789473684210527,92.0
2021-12-20,1.0,0.0,0.0,1.0,0.0,0.0,0.0,0.02631578947368421,0.11578947368421053,0.03684210526315789,0.03684210526315789,0.3157894736842105,0.08947368421052632,0.0,0.2631578947368421,0.6,0.23684210526315788,0.16842105263157894,0.20526315789473684,0.15789473684210525,0.4894736842105263,0.34210526315789475,0.03684210526315789,0.0,232.0
2021-12-21,1.0,0.0,0.0,0.0,0.0,0.0,1.0,0.005263157894736842,0.021052631578947368,0.0,0.0,0.03684210526315789,0.0,0.0,0.02631578947368421,0.010526315789473684,0.2263157894736842,0.14210526315789473,0.16842105263157894,0.14210526315789473,0.5263157894736842,0.32105263157894737,0.02631578947368421,0.005263157894736842,14.0
