,daily,weekly,holiday,Cloudy,Foggy,Showers,Sunny,0,1,2,3,4,5,6,7,8,9,10,11,12,13,14,15,16,17,18,19,20,total_litter
2021/1/6,1,0,0,0,0,0,1,0.032351901,0.030061892,0.034482759,0.027409372,0.035366932,0.013262599,0.028832891,0.031830239,0.028293546,0.026595933,0.112290009,0.032714412,0.012378426,0.094606543,0.013262599,0.025641026,0.013262599,0.123784262,1,0.548187445,0.016799293,3
2021/1/7,1,0,0,0,0,1,0,0.033191866,0.030061892,0.036251105,0.027409372,0.035366932,0.014146773,0.031237843,0.032714412,0.028293546,0.026489832,0.112290009,0.032714412,0.012378426,0.094606543,0.013262599,0.025641026,0.013262599,0.123784262,1,0.548187445,0.016799293,2
2021/1/8,1,0,0,0,0,1,0,0.031794872,0.026525199,0.036251105,0.027409372,0.035366932,0.006189213,0.030141468,0.031830239,0.026525199,0.026640141,0.112290009,0.032714412,0.012378426,0.094606543,0.013262599,0.025641026,0.013262599,0.123784262,1,0.548187445,0.016799293,114
2021/1/9,1,0,1,0,1,0,0,0.02867374,0.022104332,0.038019452,0.027409372,0.035366932,0.007073386,0.026145004,0.032714412,0.022104332,0.026772767,0.112290009,0.032714412,0.012378426,0.094606543,0.013262599,0.025641026,0.013262599,0.123784262,1,0.548187445,0.016799293,58
2021/1/10,1,1,0,1,0,0,0,0.03204244,0.024756852,0.036251105,0.027409372,0.035366932,0.01061008,0.029239611,0.032714412,0.023872679,0.026772767,0.112290009,0.032714412,0.012378426,0.094606543,0.013262599,0.025641026,0.013262599,0.123784262,1,0.548187445,0.016799293,49
2021/1/11,1,0,0,1,0,0,0,0.037515473,0.034482759,0.040671972,0.027409372,0.035366932,0.021220159,0.03351901,0.038019452,0.031830239,0.026640141,0.112290009,0.032714412,0.012378426,0.094606543,0.013262599,0.025641026,0.013262599,0.123784262,1,0.548187445,0.016799293,181
2021/1/12,1,0,0,0,0,1,0,0.037444739,0.030061892,0.040671972,0.027409372,0.035366932,0.021220159,0.033306808,0.039787798,0.024756852,0.026516357,0.112290009,0.032714412,0.012378426,0.094606543,0.013262599,0.025641026,0.013262599,0.123784262,1,0.548187445,0.016799293,3
2021/1/13,1,0,0,0,0,0,1,0.035632184,0.031830239,0.038019452,0.027409372,0.035366932,0.018567639,0.03025641,0.032714412,0.026525199,0.026542882,0.112290009,0.032714412,0.012378426,0.094606543,0.013262599,0.025641026,0.013262599,0.123784262,1,0.548187445,0.016799293,1
2021/1/14,1,0,0,0,0,0,1,0.031768347,0.030061892,0.034482759,0.027409372,0.035366932,0.013262599,0.025755968,0.028293546,0.023872679,0.026719717,0.112290009,0.032714412,0.012378426,0.094606543,0.013262599,0.025641026,0.013262599,0.123784262,1,0.548187445,0.016799293,2
2021/1/31,1,1,0,0,0,0,1,0.026852343,0.022104332,0.031830239,0.027409372,0.035366932,0.012378426,0.021724138,0.023872679,0.020335986,0.026251105,0.112290009,0.032714412,0.012378426,0.094606543,0.013262599,0.025641026,0.013262599,0.123784262,1,0.548187445,0.016799293,1
2021/2/3,1,0,0,0,0,1,0,0.04132626,0.039787798,0.044208665,0.027409372,0.036251105,0.017683466,0.039964633,0.040671972,0.038019452,0.026145004,0.112290009,0.032714412,0.012378426,0.094606543,0.013262599,0.025641026,0.013262599,0.123784262,1,0.548187445,0.016799293,51
2021/2/5,1,0,0,0,0,1,0,0.038868258,0.036251105,0.042440318,0.027409372,0.036251105,0.01061008,0.037170645,0.039787798,0.034482759,0.026410256,0.112290009,0.032714412,0.012378426,0.094606543,0.013262599,0.025641026,0.013262599,0.123784262,1,0.548187445,0.016799293,260
2021/2/11,1,0,0,0,0,0,1,0.020371353,0.012378426,0.028293546,0.027409372,0.036251105,0.00795756,0.014650752,0.016799293,0.01061008,0.026958444,0.112290009,0.032714412,0.012378426,0.094606543,0.013262599,0.025641026,0.013262599,0.123784262,1,0.548187445,0.016799293,28
2021/2/16,1,0,0,0,0,0,1,0.03882405,0.032714412,0.044208665,0.027409372,0.037135279,0.015030946,0.0356145,0.039787798,0.031830239,0.026640141,0.112290009,0.032714412,0.012378426,0.094606543,0.013262599,0.025641026,0.013262599,0.123784262,1,0.548187445,0.016799293,319
2021/2/17,1,0,0,1,0,0,0,0.042228117,0.038019452,0.045977011,0.027409372,0.037135279,0.018567639,0.039018568,0.040671972,0.036251105,0.026489832,0.112290009,0.032714412,0.012378426,0.094606543,0.013262599,0.025641026,0.013262599,0.123784262,1,0.548187445,0.016799293,184
2021/2/18,1,0,0,0,0,0,1,0.041812555,0.036251105,0.045977011,0.027409372,0.037135279,0.018567639,0.036666667,0.040671972,0.032714412,0.026463307,0.112290009,0.032714412,0.012378426,0.094606543,0.013262599,0.025641026,0.013262599,0.123784262,1,0.548187445,0.016799293,119
2021/2/19,1,0,0,0,0,0,1,0.038691424,0.032714412,0.044208665,0.027409372,0.037135279,0.015915119,0.034518126,0.038019452,0.031830239,0.026489832,0.112290009,0.032714412,0.012378426,0.094606543,0.013262599,0.025641026,0.013262599,0.123784262,1,0.548187445,0.016799293,297
2021/2/20,1,0,1,0,0,0,1,0.046993811,0.042440318,0.053934571,0.027409372,0.038019452,0.017683466,0.039381079,0.040671972,0.038019452,0.026410256,0.112290009,0.032714412,0.012378426,0.094606543,0.013262599,0.025641026,0.013262599,0.123784262,1,0.548187445,0.016799293,265
2021/2/21,1,1,0,0,0,0,1,0.045897436,0.040671972,0.053934571,0.027409372,0.038019452,0.013262599,0.038443855,0.040671972,0.036251105,0.026463307,0.112290009,0.032714412,0.012378426,0.094606543,0.013262599,0.025641026,0.013262599,0.123784262,1,0.548187445,0.016799293,94
2021/2/22,1,0,0,0,0,0,1,0.046286472,0.040671972,0.053934571,0.027409372,0.038019452,0.012378426,0.036675508,0.039787798,0.032714412,0.026719717,0.112290009,0.032714412,0.012378426,0.094606543,0.013262599,0.025641026,0.013262599,0.123784262,1,0.548187445,0.016799293,192
2021/2/23,1,0,0,0,0,0,1,0.047842617,0.040671972,0.053934571,0.028293546,0.038019452,0.018567639,0.041494253,0.044208665,0.038019452,0.026852343,0.112290009,0.032714412,0.012378426,0.094606543,0.013262599,0.025641026,0.013262599,0.123784262,1,0.548187445,0.016799293,87
2021/2/24,1,0,0,0,0,0,1,0.049513705,0.042440318,0.056587091,0.028293546,0.038019452,0.015915119,0.040848806,0.044208665,0.039787798,0.026825818,0.112290009,0.032714412,0.012378426,0.094606543,0.013262599,0.025641026,0.013262599,0.123784262,1,0.548187445,0.016799293,156
2021/2/25,1,0,0,0,0,0,1,0.044535809,0.039787798,0.052166225,0.028293546,0.038903625,0.014146773,0.039690539,0.042440318,0.034482759,0.026905393,0.112290009,0.032714412,0.012378426,0.094606543,0.013262599,0.025641026,0.013262599,0.123784262,1,0.548187445,0.016799293,20
2021/2/26,1,0,0,0,0,0,1,0.037904509,0.032714412,0.044208665,0.028293546,0.038903625,0.014146773,0.033810787,0.036251105,0.031830239,0.027117595,0.112290009,0.032714412,0.012378426,0.094606543,0.013262599,0.025641026,0.013262599,0.123784262,1,0.548187445,0.016799293,179
2021/2/27,1,0,1,0,1,0,0,0.036286472,0.028293546,0.044208665,0.028293546,0.038903625,0.00795756,0.033465959,0.036251105,0.028293546,0.027197171,0.112290009,0.032714412,0.012378426,0.094606543,0.013262599,0.025641026,0.013262599,0.123784262,1,0.548187445,0.016799293,305
2021/2/28,1,1,0,0,1,0,0,0.0343855,0.024756852,0.044208665,0.028293546,0.038903625,0.01061008,0.031538462,0.034482759,0.024756852,0.027170645,0.112290009,0.032714412,0.012378426,0.094606543,0.013262599,0.025641026,0.013262599,0.123784262,1,0.548187445,0.016799293,47
2021/3/1,1,0,0,0,1,0,0,0.037400531,0.031830239,0.044208665,0.028293546,0.039787798,0.012378426,0.033351017,0.034482759,0.031830239,0.027038019,0.112290009,0.032714412,0.012378426,0.094606543,0.013262599,0.025641026,0.013262599,0.123784262,1,0.548187445,0.016799293,82
2021/3/4,1,0,0,0,1,0,0,0.035137047,0.032714412,0.038019452,0.029177719,0.039787798,0.013262599,0.030795756,0.032714412,0.024756852,0.026746242,0.112290009,0.032714412,0.012378426,0.094606543,0.013262599,0.025641026,0.013262599,0.123784262,1,0.548187445,0.016799293,45
2021/3/5,1,0,0,0,0,0,1,0.033598585,0.028293546,0.039787798,0.029177719,0.039787798,0.011494253,0.024580018,0.028293546,0.020335986,0.027011494,0.112290009,0.032714412,0.012378426,0.094606543,0.013262599,0.025641026,0.013262599,0.123784262,1,0.548187445,0.016799293,61
2021/3/7,1,1,0,1,0,0,0,0.032210433,0.024756852,0.038019452,0.029177719,0.040671972,0.008841733,0.025605659,0.028293546,0.023872679,0.026905393,0.112290009,0.032714412,0.012378426,0.094606543,0.013262599,0.025641026,0.013262599,0.123784262,1,0.548187445,0.016799293,86
2021/3/8,1,0,0,0,0,0,1,0.035888594,0.032714412,0.040671972,0.029177719,0.040671972,0.013262599,0.030212202,0.032714412,0.028293546,0.026746242,0.112290009,0.032714412,0.012378426,0.094606543,0.013262599,0.025641026,0.013262599,0.123784262,1,0.548187445,0.016799293,63
2021/3/9,1,0,0,1,0,0,0,0.037709991,0.034482759,0.039787798,0.029177719,0.040671972,0.013262599,0.034058355,0.036251105,0.030061892,0.026622458,0.112290009,0.032714412,0.012378426,0.094606543,0.013262599,0.025641026,0.013262599,0.123784262,1,0.548187445,0.016799293,60
2021/3/10,1,0,0,0,0,1,0,0.037020336,0.030061892,0.042440318,0.029177719,0.041556145,0.024756852,0.032847038,0.036251105,0.028293546,0.026595933,0.112290009,0.032714412,0.012378426,0.094606543,0.013262599,0.025641026,0.013262599,0.123784262,1,0.548187445,0.016799293,39
2021/3/12,1,0,0,0,0,0,1,0.039354553,0.036251105,0.042440318,0.030061892,0.041556145,0.026525199,0.033952255,0.036251105,0.031830239,0.02622458,0.112290009,0.032714412,0.012378426,0.094606543,0.013262599,0.025641026,0.013262599,0.123784262,1,0.548187445,0.016799293,128
2021/3/14,1,1,0,1,0,0,0,0.039036251,0.036251105,0.040671972,0.030061892,0.042440318,0.018567639,0.033501326,0.036251105,0.031830239,0.026410256,0.112290009,0.032714412,0.012378426,0.094606543,0.013262599,0.025641026,0.013262599,0.123784262,1,0.548187445,0.016799293,125
2021/3/16,1,0,0,0,0,1,0,0.037365164,0.034482759,0.039787798,0.030061892,0.042440318,0.011494253,0.034102564,0.036251105,0.032714412,0.026746242,0.112290009,0.032714412,0.012378426,0.094606543,0.013262599,0.025641026,0.013262599,0.123784262,1,0.548187445,0.016799293,98
2021/3/17,1,0,0,1,0,0,0,0.037197171,0.032714412,0.040671972,0.030061892,0.042440318,0.013262599,0.032979664,0.034482759,0.030061892,0.026878868,0.112290009,0.032714412,0.012378426,0.094606543,0.013262599,0.025641026,0.013262599,0.123784262,1,0.548187445,0.016799293,49
2021/3/18,1,0,0,1,0,0,0,0.035791335,0.030061892,0.040671972,0.030061892,0.042440318,0.014146773,0.032749779,0.038019452,0.028293546,0.026852343,0.112290009,0.032714412,0.012378426,0.094606543,0.013262599,0.025641026,0.013262599,0.123784262,1,0.548187445,0.016799293,167
2021/3/21,1,1,0,1,0,0,0,0.03882405,0.034482759,0.040671972,0.030946065,0.043324492,0.017683466,0.032484527,0.038019452,0.030061892,0.026772767,0.112290009,0.032714412,0.012378426,0.094606543,0.013262599,0.025641026,0.013262599,0.123784262,1,0.548187445,0.016799293,77
2021/3/23,1,0,0,1,0,0,0,0.038426172,0.031830239,0.045977011,0.030946065,0.044208665,0.013262599,0.034022989,0.038019452,0.030061892,0.026772767,0.112290009,0.032714412,0.012378426,0.094606543,0.013262599,0.025641026,0.013262599,0.123784262,1,0.548187445,0.016799293,104
2021/3/24,1,0,0,0,0,0,1,0.039823165,0.030061892,0.048629531,0.030946065,0.044208665,0.015030946,0.03382847,0.038019452,0.030061892,0.026719717,0.112290009,0.032714412,0.012378426,0.094606543,0.013262599,0.025641026,0.013262599,0.123784262,1,0.548187445,0.016799293,119
2021/3/25,1,0,0,0,0,0,1,0.041405836,0.036251105,0.047745358,0.030946065,0.044208665,0.015915119,0.034633068,0.040671972,0.024756852,0.026640141,0.112290009,0.032714412,0.012378426,0.094606543,0.013262599,0.025641026,0.013262599,0.123784262,1,0.548187445,0.016799293,110
2021/3/26,1,0,0,0,0,0,1,0.044111406,0.038019452,0.050397878,0.030946065,0.044208665,0.022104332,0.035596817,0.038019452,0.032714412,0.026595933,0.112290009,0.032714412,0.012378426,0.094606543,0.013262599,0.025641026,0.013262599,0.123784262,1,0.548187445,0.016799293,153
2021/3/29,1,0,0,0,0,0,1,0.047356322,0.040671972,0.056587091,0.030946065,0.045092838,0.018567639,0.036587091,0.040671972,0.030061892,0.026878868,0.112290009,0.032714412,0.012378426,0.094606543,0.013262599,0.025641026,0.013262599,0.123784262,1,0.548187445,0.016799293,90
2021/3/30,1,0,0,0,0,0,1,0.048054819,0.031830239,0.061892131,0.031830239,0.045092838,0.008841733,0.034465075,0.039787798,0.028293546,0.026931919,0.112290009,0.032714412,0.012378426,0.094606543,0.013262599,0.025641026,0.013262599,0.123784262,1,0.548187445,0.016799293,94
2021/3/31,1,0,0,0,0,0,1,0.050954907,0.036251105,0.064544651,0.031830239,0.045092838,0.008841733,0.035959328,0.039787798,0.032714412,0.026772767,0.112290009,0.032714412,0.012378426,0.094606543,0.013262599,0.025641026,0.013262599,0.123784262,1,0.548187445,0.016799293,186
2021/4/3,1,0,1,1,0,0,0,0.039416446,0.036251105,0.044208665,0.031830239,0.045977011,0.013262599,0.030468612,0.032714412,0.028293546,0.026878868,0.112290009,0.032714412,0.012378426,0.094606543,0.013262599,0.025641026,0.013262599,0.123784262,1,0.548187445,0.016799293,147
2021/4/8,1,0,0,0,0,0,1,0.036949602,0.030061892,0.044208665,0.032714412,0.046861185,0.018567639,0.026763926,0.031830239,0.023872679,0.026693192,0.112290009,0.032714412,0.012378426,0.094606543,0.013262599,0.025641026,0.013262599,0.123784262,1,0.548187445,0.016799293,181
2021/4/11,1,1,0,1,0,0,0,0.035145889,0.030061892,0.040671972,0.032714412,0.047745358,0.015915119,0.028700265,0.031830239,0.024756852,0.026666667,0.112290009,0.032714412,0.012378426,0.094606543,0.013262599,0.025641026,0.013262599,0.123784262,1,0.548187445,0.016799293,85
2021/4/12,1,0,0,1,0,0,0,0.033651636,0.028293546,0.039787798,0.032714412,0.047745358,0.015915119,0.028293546,0.031830239,0.024756852,0.026905393,0.112290009,0.032714412,0.012378426,0.094606543,0.013262599,0.025641026,0.013262599,0.123784262,1,0.548187445,0.016799293,113
2021/4/13,1,0,0,0,0,0,1,0.035879752,0.026525199,0.044208665,0.032714412,0.047745358,0.012378426,0.026507515,0.031830239,0.022104332,0.026984969,0.112290009,0.032714412,0.012378426,0.094606543,0.013262599,0.025641026,0.013262599,0.123784262,1,0.548187445,0.016799293,175
2021/4/14,1,0,0,1,0,0,0,0.035738285,0.030061892,0.040671972,0.033598585,0.047745358,0.013262599,0.028187445,0.031830239,0.024756852,0.026958444,0.112290009,0.032714412,0.012378426,0.094606543,0.013262599,0.025641026,0.013262599,0.123784262,1,0.548187445,0.016799293,42
2021/4/15,1,0,0,0,0,0,1,0.036657825,0.028293546,0.044208665,0.033598585,0.048629531,0.014146773,0.027922193,0.031830239,0.024756852,0.026958444,0.112290009,0.032714412,0.012378426,0.094606543,0.013262599,0.025641026,0.013262599,0.123784262,1,0.548187445,0.016799293,72
2021/4/16,1,0,0,0,0,0,1,0.039018568,0.028293546,0.047745358,0.033598585,0.048629531,0.013262599,0.028885942,0.032714412,0.024756852,0.026931919,0.112290009,0.032714412,0.012378426,0.094606543,0.013262599,0.025641026,0.013262599,0.123784262,1,0.548187445,0.016799293,119
2021/4/17,1,0,1,0,0,0,1,0.039363395,0.030061892,0.047745358,0.033598585,0.048629531,0.012378426,0.030486295,0.034482759,0.026525199,0.026878868,0.112290009,0.032714412,0.012378426,0.094606543,0.013262599,0.025641026,0.013262599,0.123784262,1,0.548187445,0.016799293,159
2021/4/18,1,1,0,0,0,0,1,0.041264368,0.030061892,0.050397878,0.033598585,0.049513705,0.011494253,0.034668435,0.039787798,0.030061892,0.026746242,0.112290009,0.032714412,0.012378426,0.094606543,0.013262599,0.025641026,0.013262599,0.123784262,1,0.548187445,0.016799293,190
2021/4/19,1,0,0,0,0,0,1,0.043156499,0.032714412,0.052166225,0.034482759,0.049513705,0.01061008,0.037170645,0.040671972,0.031830239,0.026693192,0.112290009,0.032714412,0.012378426,0.094606543,0.013262599,0.025641026,0.013262599,0.123784262,1,0.548187445,0.016799293,41
2021/4/20,1,0,0,0,0,0,1,0.046710875,0.038019452,0.055702918,0.034482759,0.049513705,0.01061008,0.037966401,0.040671972,0.034482759,0.026622458,0.112290009,0.032714412,0.012378426,0.094606543,0.013262599,0.025641026,0.013262599,0.123784262,1,0.548187445,0.016799293,120
2021/4/22,1,0,0,0,0,0,1,0.038549956,0.031830239,0.045977011,0.034482759,0.050397878,0.014146773,0.029071618,0.031830239,0.026525199,0.026852343,0.112290009,0.032714412,0.012378426,0.094606543,0.013262599,0.025641026,0.013262599,0.123784262,1,0.548187445,0.016799293,90
2021/4/24,1,0,1,1,0,0,0,0.041025641,0.034482759,0.047745358,0.035366932,0.050397878,0.015030946,0.031865606,0.036251105,0.026525199,0.026878868,0.112290009,0.032714412,0.012378426,0.094606543,0.013262599,0.025641026,0.013262599,0.123784262,1,0.548187445,0.016799293,140
2021/4/25,1,1,0,1,0,0,0,0.039787798,0.034482759,0.044208665,0.035366932,0.050397878,0.011494253,0.029513705,0.031830239,0.028293546,0.026878868,0.112290009,0.032714412,0.012378426,0.094606543,0.013262599,0.025641026,0.013262599,0.123784262,1,0.548187445,0.016799293,217
2021/4/26,1,0,0,0,0,0,1,0.039328028,0.031830239,0.045977011,0.035366932,0.051282051,0.014146773,0.028647215,0.031830239,0.023872679,0.026799293,0.112290009,0.032714412,0.012378426,0.094606543,0.013262599,0.025641026,0.013262599,0.123784262,1,0.548187445,0.016799293,34
2021/4/27,1,0,1,0,0,0,1,0.043324492,0.031830239,0.052166225,0.035366932,0.051282051,0.012378426,0.028143236,0.031830239,0.024756852,0.026542882,0.112290009,0.032714412,0.012378426,0.094606543,0.013262599,0.025641026,0.013262599,0.123784262,1,0.548187445,0.016799293,112
2021/4/28,1,0,0,0,0,0,1,0.044960212,0.038019452,0.052166225,0.036251105,0.051282051,0.015915119,0.030194518,0.034482759,0.024756852,0.026330681,0.112290009,0.032714412,0.012378426,0.094606543,0.013262599,0.025641026,0.013262599,0.123784262,1,0.548187445,0.016799293,67
2021/5/1,1,0,1,1,0,0,0,0.040044209,0.032714412,0.045977011,0.036251105,0.052166225,0.014146773,0.034394341,0.038019452,0.031830239,0.026516357,0.112290009,0.032714412,0.012378426,0.094606543,0.013262599,0.025641026,0.013262599,0.123784262,1,0.548187445,0.016799293,99
2021/5/2,1,1,0,1,0,0,0,0.039018568,0.031830239,0.045977011,0.037135279,0.052166225,0.017683466,0.031476569,0.034482759,0.028293546,0.026640141,0.112290009,0.032714412,0.012378426,0.094606543,0.013262599,0.025641026,0.013262599,0.123784262,1,0.548187445,0.016799293,231
2021/5/3,1,0,0,0,0,0,1,0.043916888,0.034482759,0.048629531,0.037135279,0.053050398,0.019451813,0.034597701,0.039787798,0.031830239,0.026640141,0.112290009,0.032714412,0.012378426,0.094606543,0.013262599,0.025641026,0.013262599,0.123784262,1,0.548187445,0.016799293,42
2021/5/5,1,0,1,0,0,1,0,0.039920424,0.036251105,0.044208665,0.037135279,0.053050398,0.025641026,0.032422635,0.038019452,0.028293546,0.026357206,0.112290009,0.032714412,0.012378426,0.094606543,0.013262599,0.025641026,0.013262599,0.123784262,1,0.548187445,0.016799293,22
2021/5/6,1,0,0,0,0,0,1,0.039478338,0.032714412,0.045977011,0.038019452,0.053050398,0.014146773,0.032829355,0.036251105,0.028293546,0.026330681,0.112290009,0.032714412,0.012378426,0.094606543,0.013262599,0.025641026,0.013262599,0.123784262,1,0.548187445,0.016799293,99
2021/5/7,1,0,0,1,0,0,0,0.039434129,0.031830239,0.045977011,0.038019452,0.053934571,0.015915119,0.031847922,0.034482759,0.028293546,0.026595933,0.112290009,0.032714412,0.012378426,0.094606543,0.013262599,0.025641026,0.013262599,0.123784262,1,0.548187445,0.016799293,39
2021/5/8,1,0,1,0,0,0,1,0.042882405,0.032714412,0.053934571,0.038019452,0.053934571,0.019451813,0.038311229,0.047745358,0.030061892,0.026595933,0.112290009,0.032714412,0.012378426,0.094606543,0.013262599,0.025641026,0.013262599,0.123784262,1,0.548187445,0.016799293,67
2021/5/9,1,1,0,0,0,0,1,0.055464191,0.047745358,0.066312997,0.038019452,0.053934571,0.017683466,0.048099027,0.052166225,0.042440318,0.026251105,0.112290009,0.032714412,0.012378426,0.094606543,0.013262599,0.025641026,0.013262599,0.123784262,1,0.548187445,0.016799293,160
2021/5/10,1,0,0,0,0,0,1,0.052900088,0.045977011,0.056587091,0.038903625,0.054818744,0.018567639,0.045941645,0.050397878,0.039787798,0.026330681,0.112290009,0.032714412,0.012378426,0.094606543,0.013262599,0.025641026,0.013262599,0.123784262,1,0.548187445,0.016799293,198
2021/5/12,1,0,0,0,0,0,1,0.047197171,0.038019452,0.053934571,0.038903625,0.054818744,0.013262599,0.039805482,0.042440318,0.034482759,0.026410256,0.112290009,0.032714412,0.012378426,0.094606543,0.013262599,0.025641026,0.013262599,0.123784262,1,0.548187445,0.016799293,43
2021/5/13,1,0,1,0,0,0,1,0.048187445,0.036251105,0.056587091,0.038903625,0.054818744,0.012378426,0.041998232,0.044208665,0.036251105,0.026383731,0.112290009,0.032714412,0.012378426,0.094606543,0.013262599,0.025641026,0.013262599,0.123784262,1,0.548187445,0.016799293,32
2021/5/14,1,0,0,0,0,0,1,0.047356322,0.042440318,0.052166225,0.039787798,0.055702918,0.01061008,0.040229885,0.042440318,0.038019452,0.026330681,0.112290009,0.032714412,0.012378426,0.094606543,0.013262599,0.025641026,0.013262599,0.123784262,1,0.548187445,0.016799293,43
2021/5/15,1,0,1,1,0,0,0,0.044986737,0.042440318,0.050397878,0.039787798,0.055702918,0.008841733,0.040804598,0.044208665,0.038019452,0.026304156,0.112290009,0.032714412,0.012378426,0.094606543,0.013262599,0.025641026,0.013262599,0.123784262,1,0.548187445,0.016799293,165
2021/5/16,1,1,0,0,0,1,0,0.046808134,0.042440318,0.052166225,0.039787798,0.055702918,0.014146773,0.041573828,0.044208665,0.038019452,0.026118479,0.112290009,0.032714412,0.012378426,0.094606543,0.013262599,0.025641026,0.013262599,0.123784262,1,0.548187445,0.016799293,48
2021/5/18,1,0,0,0,0,0,1,0.046728559,0.039787798,0.052166225,0.039787798,0.055702918,0.014146773,0.040380195,0.044208665,0.038019452,0.026489832,0.112290009,0.032714412,0.012378426,0.094606543,0.013262599,0.025641026,0.013262599,0.123784262,1,0.548187445,0.016799293,126
2021/5/20,1,0,0,0,0,0,1,0.046931919,0.038019452,0.053934571,0.040671972,0.056587091,0.017683466,0.039858532,0.044208665,0.036251105,0.026640141,0.112290009,0.032714412,0.012378426,0.094606543,0.013262599,0.025641026,0.013262599,0.123784262,1,0.548187445,0.016799293,69
2021/5/30,1,1,0,0,0,0,1,0.051078691,0.042440318,0.060123784,0.042440318,0.058355438,0.012378426,0.043457118,0.047745358,0.039787798,0.026878868,0.112290009,0.032714412,0.012378426,0.094606543,0.013262599,0.025641026,0.013262599,0.123784262,1,0.548187445,0.016799293,159
2021/5/31,1,0,0,0,0,0,1,0.054730327,0.044208665,0.063660477,0.042440318,0.058355438,0.011494253,0.044447392,0.047745358,0.039787798,0.026772767,0.112290009,0.032714412,0.012378426,0.094606543,0.013262599,0.025641026,0.013262599,0.123784262,1,0.548187445,0.016799293,350
2021/6/1,1,0,0,0,0,0,1,0.058028294,0.045977011,0.068081344,0.042440318,0.058355438,0.012378426,0.040636605,0.044208665,0.038019452,0.026622458,0.112290009,0.032714412,0.012378426,0.094606543,0.013262599,0.025641026,0.013262599,0.123784262,1,0.548187445,0.016799293,151
2021/6/2,1,0,0,0,0,0,1,0.061096375,0.048629531,0.069849691,0.042440318,0.058355438,0.011494253,0.047895668,0.050397878,0.040671972,0.026516357,0.112290009,0.032714412,0.012378426,0.094606543,0.013262599,0.025641026,0.013262599,0.123784262,1,0.548187445,0.016799293,255
2021/6/3,1,0,0,0,0,0,1,0.059699381,0.053934571,0.064544651,0.042440318,0.058355438,0.013262599,0.052404951,0.056587091,0.048629531,0.026640141,0.112290009,0.032714412,0.012378426,0.094606543,0.013262599,0.025641026,0.013262599,0.123784262,1,0.548187445,0.016799293,172
2021/6/4,1,0,0,0,0,0,1,0.059239611,0.048629531,0.068081344,0.042440318,0.058355438,0.008841733,0.050583554,0.058355438,0.047745358,0.026666667,0.112290009,0.032714412,0.012378426,0.094606543,0.013262599,0.025641026,0.013262599,0.123784262,1,0.548187445,0.016799293,124
2021/6/5,1,0,1,1,0,0,0,0.051653404,0.048629531,0.053934571,0.043324492,0.059239611,0.012378426,0.049752431,0.052166225,0.047745358,0.026719717,0.112290009,0.032714412,0.012378426,0.094606543,0.013262599,0.025641026,0.013262599,0.123784262,1,0.548187445,0.016799293,165
2021/6/6,1,1,0,0,0,0,1,0.054412025,0.048629531,0.061892131,0.043324492,0.059239611,0.01061008,0.044465075,0.047745358,0.038019452,0.026772767,0.112290009,0.032714412,0.012378426,0.094606543,0.013262599,0.025641026,0.013262599,0.123784262,1,0.548187445,0.016799293,147
2021/6/7,1,0,0,0,0,0,1,0.055349248,0.044208665,0.063660477,0.043324492,0.059239611,0.01061008,0.044650752,0.048629531,0.042440318,0.026772767,0.112290009,0.032714412,0.012378426,0.094606543,0.013262599,0.025641026,0.013262599,0.123784262,1,0.548187445,0.016799293,295
2021/6/8,1,0,0,0,0,0,1,0.058249337,0.047745358,0.066312997,0.043324492,0.059239611,0.01061008,0.047064545,0.050397878,0.042440318,0.026746242,0.112290009,0.032714412,0.012378426,0.094606543,0.013262599,0.025641026,0.013262599,0.123784262,1,0.548187445,0.016799293,290
2021/6/9,1,0,0,0,0,0,1,0.058028294,0.048629531,0.064544651,0.043324492,0.059239611,0.013262599,0.047639257,0.052166225,0.039787798,0.026693192,0.112290009,0.032714412,0.012378426,0.094606543,0.013262599,0.025641026,0.013262599,0.123784262,1,0.548187445,0.016799293,127
2021/6/10,1,0,0,0,0,0,1,0.057506631,0.047745358,0.068081344,0.043324492,0.059239611,0.011494253,0.050088417,0.053934571,0.045977011,0.026666667,0.112290009,0.032714412,0.012378426,0.094606543,0.013262599,0.025641026,0.013262599,0.123784262,1,0.548187445,0.016799293,166
2021/6/11,1,0,0,0,1,0,0,0.056498674,0.048629531,0.064544651,0.043324492,0.059239611,0.015030946,0.05250221,0.055702918,0.048629531,0.026640141,0.112290009,0.032714412,0.012378426,0.094606543,0.013262599,0.025641026,0.013262599,0.123784262,1,0.548187445,0.016799293,103
2021/6/12,1,0,1,0,0,0,1,0.054358974,0.045977011,0.058355438,0.043324492,0.060123784,0.015030946,0.046861185,0.052166225,0.040671972,0.026799293,0.112290009,0.032714412,0.012378426,0.094606543,0.013262599,0.025641026,0.013262599,0.123784262,1,0.548187445,0.016799293,215
2021/6/13,1,1,0,0,0,0,1,0.054801061,0.042440318,0.064544651,0.044208665,0.060123784,0.006189213,0.044358974,0.047745358,0.040671972,0.026852343,0.112290009,0.032714412,0.012378426,0.094606543,0.013262599,0.025641026,0.013262599,0.123784262,1,0.548187445,0.016799293,225
2021/6/14,1,0,0,0,0,0,1,0.058983201,0.047745358,0.068081344,0.044208665,0.060123784,0.014146773,0.047745358,0.052166225,0.044208665,0.026746242,0.112290009,0.032714412,0.012378426,0.094606543,0.013262599,0.025641026,0.013262599,0.123784262,1,0.548187445,0.016799293,164
2021/6/15,1,0,0,0,0,0,1,0.057453581,0.050397878,0.063660477,0.044208665,0.060123784,0.00795756,0.047374005,0.050397878,0.044208665,0.026693192,0.112290009,0.032714412,0.012378426,0.094606543,0.013262599,0.025641026,0.013262599,0.123784262,1,0.548187445,0.016799293,194
2021/6/16,1,0,0,0,0,0,1,0.062095491,0.047745358,0.07250221,0.044208665,0.060123784,0.011494253,0.049885057,0.053934571,0.045977011,0.026622458,0.112290009,0.032714412,0.012378426,0.094606543,0.013262599,0.025641026,0.013262599,0.123784262,1,0.548187445,0.016799293,56
2021/6/17,1,0,0,0,0,0,1,0.065057471,0.056587091,0.074270557,0.044208665,0.060123784,0.017683466,0.055835544,0.058355438,0.053934571,0.026489832,0.112290009,0.032714412,0.012378426,0.094606543,0.013262599,0.025641026,0.013262599,0.123784262,1,0.548187445,0.016799293,40
2021/6/19,1,0,1,1,0,0,0,0.056534041,0.053934571,0.060123784,0.044208665,0.060123784,0.015915119,0.052148541,0.058355438,0.048629531,0.026516357,0.112290009,0.032714412,0.012378426,0.094606543,0.013262599,0.025641026,0.013262599,0.123784262,1,0.548187445,0.016799293,156
2021/6/20,1,1,0,0,0,0,1,0.056861185,0.052166225,0.063660477,0.044208665,0.060123784,0.014146773,0.052060124,0.055702918,0.050397878,0.026357206,0.112290009,0.032714412,0.012378426,0.094606543,0.013262599,0.025641026,0.013262599,0.123784262,1,0.548187445,0.016799293,122
2021/6/22,1,0,0,1,0,0,0,0.051635721,0.048629531,0.055702918,0.045092838,0.061007958,0.014146773,0.042555261,0.045977011,0.039787798,0.026640141,0.112290009,0.032714412,0.012378426,0.094606543,0.013262599,0.025641026,0.013262599,0.123784262,1,0.548187445,0.016799293,28
2021/6/23,1,0,0,1,0,0,0,0.051432361,0.047745358,0.056587091,0.045092838,0.061007958,0.01061008,0.04193634,0.044208665,0.039787798,0.026693192,0.112290009,0.032714412,0.012378426,0.094606543,0.013262599,0.025641026,0.013262599,0.123784262,1,0.548187445,0.016799293,98
2021/6/24,1,0,0,0,0,0,1,0.051927498,0.044208665,0.058355438,0.045092838,0.061007958,0.011494253,0.043881521,0.047745358,0.040671972,0.026693192,0.112290009,0.032714412,0.012378426,0.094606543,0.013262599,0.025641026,0.013262599,0.123784262,1,0.548187445,0.016799293,262
2021/6/25,1,0,0,1,0,0,0,0.052369584,0.044208665,0.058355438,0.045092838,0.061007958,0.012378426,0.048222812,0.052166225,0.040671972,0.026622458,0.112290009,0.032714412,0.012378426,0.094606543,0.013262599,0.025641026,0.013262599,0.123784262,1,0.548187445,0.016799293,91
2021/6/26,1,0,1,0,0,0,1,0.058691424,0.052166225,0.066312997,0.045092838,0.061007958,0.01061008,0.053527851,0.055702918,0.052166225,0.026622458,0.112290009,0.032714412,0.012378426,0.094606543,0.013262599,0.025641026,0.013262599,0.123784262,1,0.548187445,0.016799293,160
2021/6/27,1,1,0,0,0,0,1,0.060477454,0.055702918,0.068081344,0.045092838,0.061007958,0.017683466,0.054986737,0.056587091,0.050397878,0.026595933,0.112290009,0.032714412,0.012378426,0.094606543,0.013262599,0.025641026,0.013262599,0.123784262,1,0.548187445,0.016799293,134
2021/6/28,1,0,0,0,0,0,1,0.060309461,0.055702918,0.064544651,0.045092838,0.061007958,0.00795756,0.056215738,0.058355438,0.053934571,0.026516357,0.112290009,0.032714412,0.012378426,0.094606543,0.013262599,0.025641026,0.013262599,0.123784262,1,0.548187445,0.016799293,104
2021/6/30,1,0,0,0,0,1,0,0.050344828,0.047745358,0.053934571,0.045977011,0.061892131,0.01061008,0.048390805,0.050397878,0.047745358,0.026489832,0.112290009,0.032714412,0.012378426,0.094606543,0.013262599,0.025641026,0.013262599,0.123784262,1,0.548187445,0.016799293,101
2021/7/1,1,0,0,1,0,0,0,0.052696729,0.048629531,0.055702918,0.045977011,0.061892131,0.014146773,0.048381963,0.048629531,0.047745358,0.026542882,0.112290009,0.032714412,0.012378426,0.094606543,0.013262599,0.025641026,0.013262599,0.123784262,1,0.548187445,0.016799293,94
2021/7/2,1,0,0,0,0,0,1,0.055393457,0.050397878,0.061892131,0.045977011,0.061892131,0.008841733,0.050327144,0.052166225,0.048629531,0.026569408,0.112290009,0.032714412,0.012378426,0.094606543,0.013262599,0.025641026,0.013262599,0.123784262,1,0.548187445,0.016799293,55
2021/7/3,1,0,1,0,0,0,1,0.057365164,0.047745358,0.066312997,0.045977011,0.061892131,0.01061008,0.052077807,0.055702918,0.047745358,0.026569408,0.112290009,0.032714412,0.012378426,0.094606543,0.013262599,0.025641026,0.013262599,0.123784262,1,0.548187445,0.016799293,183
2021/7/4,1,1,0,0,0,0,1,0.057435897,0.052166225,0.063660477,0.045977011,0.061892131,0.011494253,0.052979664,0.055702918,0.050397878,0.026436782,0.112290009,0.032714412,0.012378426,0.094606543,0.013262599,0.025641026,0.013262599,0.123784262,1,0.548187445,0.016799293,59
2021/7/5,1,0,0,0,0,0,1,0.055296198,0.050397878,0.060123784,0.045977011,0.061892131,0.012378426,0.050247569,0.052166225,0.048629531,0.026330681,0.112290009,0.032714412,0.012378426,0.094606543,0.013262599,0.025641026,0.013262599,0.123784262,1,0.548187445,0.016799293,17
2021/7/7,1,0,0,0,0,0,1,0.056127321,0.050397878,0.061892131,0.045977011,0.061892131,0.015030946,0.047860301,0.052166225,0.044208665,0.026595933,0.112290009,0.032714412,0.012378426,0.094606543,0.013262599,0.025641026,0.013262599,0.123784262,1,0.548187445,0.016799293,83
2021/7/8,1,0,0,0,0,0,1,0.056074271,0.047745358,0.063660477,0.045977011,0.061892131,0.012378426,0.049345712,0.052166225,0.045977011,0.026693192,0.112290009,0.032714412,0.012378426,0.094606543,0.013262599,0.025641026,0.013262599,0.123784262,1,0.548187445,0.016799293,127
2021/7/9,1,0,0,0,0,0,1,0.055022104,0.045977011,0.061892131,0.045977011,0.061892131,0.011494253,0.049973475,0.053934571,0.045977011,0.026693192,0.112290009,0.032714412,0.012378426,0.094606543,0.013262599,0.025641026,0.013262599,0.123784262,1,0.548187445,0.016799293,135
2021/7/12,1,0,0,0,0,0,1,0.058523431,0.050397878,0.066312997,0.046861185,0.062776304,0.011494253,0.053492485,0.056587091,0.048629531,0.026489832,0.112290009,0.032714412,0.012378426,0.094606543,0.013262599,0.025641026,0.013262599,0.123784262,1,0.548187445,0.016799293,153
2021/7/14,1,0,0,1,0,0,0,0.056923077,0.055702918,0.060123784,0.046861185,0.062776304,0.017683466,0.054854111,0.055702918,0.053934571,0.026436782,0.112290009,0.032714412,0.012378426,0.094606543,0.013262599,0.025641026,0.013262599,0.123784262,1,0.548187445,0.016799293,56
2021/7/15,1,0,0,1,0,0,0,0.057506631,0.055702918,0.061892131,0.046861185,0.062776304,0.017683466,0.053200707,0.055702918,0.050397878,0.026640141,0.112290009,0.032714412,0.012378426,0.094606543,0.013262599,0.025641026,0.013262599,0.123784262,1,0.548187445,0.016799293,30
2021/7/16,1,0,0,1,0,0,0,0.057506631,0.053934571,0.063660477,0.046861185,0.062776304,0.014146773,0.049186561,0.052166225,0.045977011,0.026772767,0.112290009,0.032714412,0.012378426,0.094606543,0.013262599,0.025641026,0.013262599,0.123784262,1,0.548187445,0.016799293,45
2021/7/17,1,0,1,0,0,0,1,0.059752431,0.048629531,0.068081344,0.046861185,0.062776304,0.012378426,0.050972591,0.053934571,0.047745358,0.026825818,0.112290009,0.032714412,0.012378426,0.094606543,0.013262599,0.025641026,0.013262599,0.123784262,1,0.548187445,0.016799293,122
2021/7/18,1,1,0,0,0,0,1,0.059920424,0.050397878,0.069849691,0.046861185,0.062776304,0.014146773,0.052060124,0.053934571,0.048629531,0.026772767,0.112290009,0.032714412,0.012378426,0.094606543,0.013262599,0.025641026,0.013262599,0.123784262,1,0.548187445,0.016799293,80
2021/7/19,1,0,0,0,0,0,1,0.057621574,0.050397878,0.063660477,0.046861185,0.062776304,0.01061008,0.049310345,0.052166225,0.045977011,0.026719717,0.112290009,0.032714412,0.012378426,0.094606543,0.013262599,0.025641026,0.013262599,0.123784262,1,0.548187445,0.016799293,33
2021/7/20,1,0,0,0,0,0,1,0.057267905,0.047745358,0.064544651,0.046861185,0.062776304,0.00795756,0.047214854,0.048629531,0.044208665,0.026693192,0.112290009,0.032714412,0.012378426,0.094606543,0.013262599,0.025641026,0.013262599,0.123784262,1,0.548187445,0.016799293,85
2021/7/21,1,0,0,0,0,0,1,0.059460654,0.050397878,0.068081344,0.046861185,0.062776304,0.008841733,0.049584439,0.052166225,0.045977011,0.026746242,0.112290009,0.032714412,0.012378426,0.094606543,0.013262599,0.025641026,0.013262599,0.123784262,1,0.548187445,0.016799293,17
2021/7/24,1,0,1,0,0,0,1,0.058373121,0.052166225,0.063660477,0.046861185,0.062776304,0.012378426,0.052298851,0.056587091,0.048629531,0.026489832,0.112290009,0.032714412,0.012378426,0.094606543,0.013262599,0.025641026,0.013262599,0.123784262,1,0.548187445,0.016799293,73
2021/7/25,1,1,0,0,0,0,1,0.059186561,0.053934571,0.066312997,0.046861185,0.062776304,0.012378426,0.054801061,0.056587091,0.050397878,0.026357206,0.112290009,0.032714412,0.012378426,0.094606543,0.013262599,0.025641026,0.013262599,0.123784262,1,0.548187445,0.016799293,80
2021/7/26,1,0,0,1,0,0,0,0.059168877,0.053934571,0.064544651,0.046861185,0.062776304,0.012378426,0.055075155,0.056587091,0.052166225,0.026383731,0.112290009,0.032714412,0.012378426,0.094606543,0.013262599,0.025641026,0.013262599,0.123784262,1,0.548187445,0.016799293,86
2021/7/27,1,0,0,0,0,1,0,0.057285588,0.053934571,0.063660477,0.046861185,0.063660477,0.015030946,0.053527851,0.055702918,0.050397878,0.026383731,0.112290009,0.032714412,0.012378426,0.094606543,0.013262599,0.025641026,0.013262599,0.123784262,1,0.548187445,0.016799293,67
2021/8/1,1,1,0,0,0,0,1,0.053916888,0.047745358,0.058355438,0.047745358,0.063660477,0.013262599,0.050026525,0.053934571,0.044208665,0.026436782,0.112290009,0.032714412,0.012378426,0.094606543,0.013262599,0.025641026,0.013262599,0.123784262,1,0.548187445,0.016799293,81
2021/8/2,1,0,0,0,0,0,1,0.052033599,0.044208665,0.060123784,0.047745358,0.063660477,0.011494253,0.044580018,0.047745358,0.040671972,0.026516357,0.112290009,0.032714412,0.012378426,0.094606543,0.013262599,0.025641026,0.013262599,0.123784262,1,0.548187445,0.016799293,123
2021/8/3,1,0,0,0,0,0,1,0.052236958,0.044208665,0.058355438,0.047745358,0.063660477,0.008841733,0.046472149,0.048629531,0.044208665,0.026516357,0.112290009,0.032714412,0.012378426,0.094606543,0.013262599,0.025641026,0.013262599,0.123784262,1,0.548187445,0.016799293,58
2021/8/4,1,0,0,0,0,0,1,0.05428824,0.045977011,0.063660477,0.047745358,0.063660477,0.01061008,0.048779841,0.052166225,0.045977011,0.026489832,0.112290009,0.032714412,0.012378426,0.094606543,0.013262599,0.025641026,0.013262599,0.123784262,1,0.548187445,0.016799293,128
2021/8/18,1,0,0,1,0,0,0,0.055499558,0.052166225,0.058355438,0.046861185,0.062776304,0.015915119,0.050654288,0.053934571,0.048629531,0.026516357,0.112290009,0.032714412,0.012378426,0.094606543,0.013262599,0.025641026,0.013262599,0.123784262,1,0.548187445,0.016799293,63
2021/8/19,1,0,0,0,0,1,0,0.054871795,0.050397878,0.058355438,0.046861185,0.062776304,0.014146773,0.051061008,0.053934571,0.047745358,0.026489832,0.112290009,0.032714412,0.012378426,0.094606543,0.013262599,0.025641026,0.013262599,0.123784262,1,0.548187445,0.016799293,110
2021/8/20,1,0,0,1,0,0,0,0.056454465,0.048629531,0.063660477,0.046861185,0.062776304,0.011494253,0.052608311,0.055702918,0.047745358,0.026595933,0.112290009,0.032714412,0.012378426,0.094606543,0.013262599,0.025641026,0.013262599,0.123784262,1,0.548187445,0.016799293,32
2021/8/21,1,0,1,0,0,0,1,0.057214854,0.047745358,0.064544651,0.046861185,0.062776304,0.00795756,0.052723254,0.056587091,0.047745358,0.026595933,0.112290009,0.032714412,0.012378426,0.094606543,0.013262599,0.025641026,0.013262599,0.123784262,1,0.548187445,0.016799293,173
2021/8/23,1,0,0,0,0,0,1,0.05806366,0.053934571,0.063660477,0.045977011,0.061892131,0.014146773,0.050176835,0.053934571,0.045977011,0.026825818,0.112290009,0.032714412,0.012378426,0.094606543,0.013262599,0.025641026,0.013262599,0.123784262,1,0.548187445,0.016799293,72
2021/8/25,1,0,0,0,1,0,0,0.054836428,0.050397878,0.061892131,0.045977011,0.061892131,0.013262599,0.050548187,0.053934571,0.048629531,0.026825818,0.112290009,0.032714412,0.012378426,0.094606543,0.013262599,0.025641026,0.013262599,0.123784262,1,0.548187445,0.016799293,102
2021/8/26,1,0,0,1,0,0,0,0.054553492,0.047745358,0.058355438,0.045977011,0.061892131,0.013262599,0.047780725,0.052166225,0.044208665,0.026595933,0.112290009,0.032714412,0.012378426,0.094606543,0.013262599,0.025641026,0.013262599,0.123784262,1,0.548187445,0.016799293,69
2021/8/27,1,0,0,0,0,1,0,0.052696729,0.045977011,0.058355438,0.045977011,0.061892131,0.015915119,0.047232538,0.050397878,0.044208665,0.026640141,0.112290009,0.032714412,0.012378426,0.094606543,0.013262599,0.025641026,0.013262599,0.123784262,1,0.548187445,0.016799293,116
2021/8/28,1,0,1,0,0,0,1,0.055349248,0.050397878,0.060123784,0.045977011,0.061892131,0.015030946,0.049186561,0.052166225,0.045977011,0.026693192,0.112290009,0.032714412,0.012378426,0.094606543,0.013262599,0.025641026,0.013262599,0.123784262,1,0.548187445,0.016799293,45
2021/8/29,1,1,0,0,0,1,0,0.054871795,0.052166225,0.056587091,0.045977011,0.061007958,0.013262599,0.050636605,0.053934571,0.047745358,0.026693192,0.112290009,0.032714412,0.012378426,0.094606543,0.013262599,0.025641026,0.013262599,0.123784262,1,0.548187445,0.016799293,36
2021/8/31,1,0,0,1,0,0,0,0.053474801,0.047745358,0.058355438,0.045092838,0.061007958,0.012378426,0.048868258,0.050397878,0.047745358,0.026852343,0.112290009,0.032714412,0.012378426,0.094606543,0.013262599,0.025641026,0.013262599,0.123784262,1,0.548187445,0.016799293,123
2021/9/1,1,0,0,1,0,0,0,0.054686118,0.052166225,0.056587091,0.045092838,0.061007958,0.00795756,0.047948718,0.050397878,0.045977011,0.026878868,0.112290009,0.032714412,0.012378426,0.094606543,0.013262599,0.025641026,0.013262599,0.123784262,1,0.548187445,0.016799293,94
2021/9/2,1,0,0,1,0,0,0,0.054270557,0.050397878,0.058355438,0.045092838,0.061007958,0.007073386,0.048054819,0.048629531,0.045977011,0.026852343,0.112290009,0.032714412,0.012378426,0.094606543,0.013262599,0.025641026,0.013262599,0.123784262,1,0.548187445,0.016799293,71
2021/9/4,1,0,1,0,0,0,1,0.053952255,0.050397878,0.060123784,0.045092838,0.060123784,0.014146773,0.048390805,0.050397878,0.045977011,0.026640141,0.112290009,0.032714412,0.012378426,0.094606543,0.013262599,0.025641026,0.013262599,0.123784262,1,0.548187445,0.016799293,44
2021/9/5,1,1,0,0,0,0,1,0.0544916,0.045977011,0.063660477,0.045092838,0.060123784,0.008841733,0.047948718,0.050397878,0.044208665,0.026719717,0.112290009,0.032714412,0.012378426,0.094606543,0.013262599,0.025641026,0.013262599,0.123784262,1,0.548187445,0.016799293,130
2021/9/6,1,0,0,0,0,0,1,0.056923077,0.047745358,0.066312997,0.045092838,0.060123784,0.006189213,0.050247569,0.053934571,0.047745358,0.026772767,0.112290009,0.032714412,0.012378426,0.094606543,0.013262599,0.025641026,0.013262599,0.123784262,1,0.548187445,0.016799293,142
2021/9/7,1,0,0,0,0,0,1,0.05913351,0.050397878,0.068081344,0.044208665,0.060123784,0.007073386,0.051025641,0.055702918,0.048629531,0.026746242,0.112290009,0.032714412,0.012378426,0.094606543,0.013262599,0.025641026,0.013262599,0.123784262,1,0.548187445,0.016799293,202
2021/9/8,1,0,0,0,0,0,1,0.060698497,0.050397878,0.071618037,0.044208665,0.060123784,0.01061008,0.050928382,0.053934571,0.047745358,0.026640141,0.112290009,0.032714412,0.012378426,0.094606543,0.013262599,0.025641026,0.013262599,0.123784262,1,0.548187445,0.016799293,214
2021/9/9,1,0,0,0,0,0,1,0.060194518,0.052166225,0.069849691,0.044208665,0.059239611,0.012378426,0.052793988,0.058355438,0.048629531,0.026410256,0.112290009,0.032714412,0.012378426,0.094606543,0.013262599,0.025641026,0.013262599,0.123784262,1,0.548187445,0.016799293,123
2021/9/10,1,0,0,0,0,0,1,0.059513705,0.055702918,0.064544651,0.044208665,0.059239611,0.012378426,0.055057471,0.058355438,0.050397878,0.026463307,0.112290009,0.032714412,0.012378426,0.094606543,0.013262599,0.025641026,0.013262599,0.123784262,1,0.548187445,0.016799293,134
2021/9/12,1,1,0,0,0,0,1,0.055411141,0.048629531,0.061892131,0.044208665,0.059239611,0.011494253,0.050070734,0.055702918,0.047745358,0.026622458,0.112290009,0.032714412,0.012378426,0.094606543,0.013262599,0.025641026,0.013262599,0.123784262,1,0.548187445,0.016799293,175
2021/9/13,1,0,0,1,0,0,0,0.052679045,0.047745358,0.058355438,0.043324492,0.059239611,0.008841733,0.049000884,0.052166225,0.045977011,0.026640141,0.112290009,0.032714412,0.012378426,0.094606543,0.013262599,0.025641026,0.013262599,0.123784262,1,0.548187445,0.016799293,166
2021/9/14,1,0,0,0,0,0,1,0.056587091,0.048629531,0.064544651,0.043324492,0.058355438,0.01061008,0.051184792,0.055702918,0.047745358,0.026569408,0.112290009,0.032714412,0.012378426,0.094606543,0.013262599,0.025641026,0.013262599,0.123784262,1,0.548187445,0.016799293,140
2021/9/18,1,0,1,0,0,0,1,0.054332449,0.047745358,0.063660477,0.043324492,0.058355438,0.00795756,0.049372237,0.053934571,0.045977011,0.026569408,0.112290009,0.032714412,0.012378426,0.094606543,0.013262599,0.025641026,0.013262599,0.123784262,1,0.548187445,0.016799293,3
2021/9/20,1,0,0,0,0,0,1,0.050070734,0.042440318,0.055702918,0.042440318,0.057471264,0.013262599,0.040822281,0.045977011,0.038019452,0.026799293,0.112290009,0.032714412,0.012378426,0.094606543,0.013262599,0.025641026,0.013262599,0.123784262,1,0.548187445,0.016799293,2
2021/9/22,1,0,0,0,0,0,1,0.052130858,0.042440318,0.061892131,0.042440318,0.057471264,0.012378426,0.046693192,0.052166225,0.042440318,0.026905393,0.112290009,0.032714412,0.012378426,0.094606543,0.013262599,0.025641026,0.013262599,0.123784262,1,0.548187445,0.016799293,95
2021/9/23,1,0,0,1,0,0,0,0.053731211,0.047745358,0.056587091,0.042440318,0.056587091,0.018567639,0.048611848,0.052166225,0.044208665,0.026693192,0.112290009,0.032714412,0.012378426,0.094606543,0.013262599,0.025641026,0.013262599,0.123784262,1,0.548187445,0.016799293,89
2021/9/24,1,0,0,0,0,0,1,0.055959328,0.050397878,0.061892131,0.042440318,0.056587091,0.021220159,0.049867374,0.052166225,0.047745358,0.026569408,0.112290009,0.032714412,0.012378426,0.094606543,0.013262599,0.025641026,0.013262599,0.123784262,1,0.548187445,0.016799293,6
2021/9/25,1,0,1,1,0,0,0,0.057099912,0.053934571,0.061892131,0.042440318,0.056587091,0.01061008,0.053748895,0.055702918,0.050397878,0.026516357,0.112290009,0.032714412,0.012378426,0.094606543,0.013262599,0.025641026,0.013262599,0.123784262,1,0.548187445,0.016799293,141
2021/9/26,1,1,0,0,0,0,1,0.05627763,0.050397878,0.064544651,0.041556145,0.056587091,0.011494253,0.051909814,0.055702918,0.048629531,0.026489832,0.112290009,0.032714412,0.012378426,0.094606543,0.013262599,0.025641026,0.013262599,0.123784262,1,0.548187445,0.016799293,5
2021/9/27,1,0,0,0,0,0,1,0.053642794,0.047745358,0.060123784,0.041556145,0.055702918,0.020335986,0.049885057,0.053934571,0.044208665,0.026595933,0.112290009,0.032714412,0.012378426,0.094606543,0.013262599,0.025641026,0.013262599,0.123784262,1,0.548187445,0.016799293,5
2021/9/28,1,0,0,0,0,0,1,0.051193634,0.045977011,0.058355438,0.041556145,0.055702918,0.012378426,0.045092838,0.047745358,0.042440318,0.026666667,0.112290009,0.032714412,0.012378426,0.094606543,0.013262599,0.025641026,0.013262599,0.123784262,1,0.548187445,0.016799293,11
2021/9/29,1,0,0,0,0,1,0,0.048408488,0.044208665,0.052166225,0.041556145,0.055702918,0.022104332,0.043138815,0.045977011,0.038019452,0.026666667,0.112290009,0.032714412,0.012378426,0.094606543,0.013262599,0.025641026,0.013262599,0.123784262,1,0.548187445,0.016799293,3
2021/9/30,1,0,0,1,0,0,0,0.048779841,0.044208665,0.052166225,0.041556145,0.055702918,0.018567639,0.040503979,0.042440318,0.038019452,0.026719717,0.112290009,0.032714412,0.012378426,0.094606543,0.013262599,0.025641026,0.013262599,0.123784262,1,0.548187445,0.016799293,13
2021/10/1,1,0,0,0,0,1,0,0.049867374,0.047745358,0.052166225,0.041556145,0.054818744,0.018567639,0.044889478,0.048629531,0.040671972,0.026569408,0.112290009,0.032714412,0.012378426,0.094606543,0.013262599,0.025641026,0.013262599,0.123784262,1,0.548187445,0.016799293,3
2021/10/2,1,0,1,0,0,1,0,0.048921309,0.042440318,0.053934571,0.041556145,0.054818744,0.027409372,0.046622458,0.052166225,0.042440318,0.026410256,0.112290009,0.032714412,0.012378426,0.094606543,0.013262599,0.025641026,0.013262599,0.123784262,1,0.548187445,0.016799293,8
2021/10/3,1,1,0,0,0,1,0,0.050044209,0.047745358,0.055702918,0.040671972,0.054818744,0.021220159,0.047170645,0.052166225,0.044208665,0.026330681,0.112290009,0.032714412,0.012378426,0.094606543,0.013262599,0.025641026,0.013262599,0.123784262,1,0.548187445,0.016799293,7
2021/10/4,1,0,0,0,0,0,1,0.049628647,0.044208665,0.055702918,0.040671972,0.054818744,0.021220159,0.043916888,0.045977011,0.042440318,0.026463307,0.112290009,0.032714412,0.012378426,0.094606543,0.013262599,0.025641026,0.013262599,0.123784262,1,0.548187445,0.016799293,5
2021/10/5,1,0,0,0,0,0,1,0.049053935,0.045977011,0.053934571,0.040671972,0.053934571,0.021220159,0.044447392,0.048629531,0.040671972,0.026410256,0.112290009,0.032714412,0.012378426,0.094606543,0.013262599,0.025641026,0.013262599,0.123784262,1,0.548187445,0.016799293,1
2021/10/7,1,0,0,1,0,0,0,0.048815208,0.040671972,0.055702918,0.040671972,0.053934571,0.007073386,0.046401415,0.050397878,0.040671972,0.026905393,0.112290009,0.032714412,0.012378426,0.094606543,0.013262599,0.025641026,0.013262599,0.123784262,1,0.548187445,0.016799293,4
2021/10/8,1,0,0,0,1,0,0,0.046047745,0.039787798,0.055702918,0.040671972,0.053050398,0.00795756,0.043342175,0.047745358,0.039787798,0.026958444,0.112290009,0.032714412,0.012378426,0.094606543,0.013262599,0.025641026,0.013262599,0.123784262,1,0.548187445,0.016799293,3
2021/10/9,1,0,1,0,0,0,1,0.045667551,0.040671972,0.052166225,0.039787798,0.053050398,0.00795756,0.042679045,0.045977011,0.039787798,0.026905393,0.112290009,0.032714412,0.012378426,0.094606543,0.013262599,0.025641026,0.013262599,0.123784262,1,0.548187445,0.016799293,7
2021/10/10,1,1,0,0,1,0,0,0.045605659,0.036251105,0.055702918,0.039787798,0.053050398,0.008841733,0.043015031,0.048629531,0.034482759,0.026852343,0.112290009,0.032714412,0.012378426,0.094606543,0.013262599,0.025641026,0.013262599,0.123784262,1,0.548187445,0.016799293,1
2021/10/11,1,0,0,0,0,0,1,0.047577365,0.040671972,0.053934571,0.039787798,0.053050398,0.014146773,0.042917772,0.045977011,0.040671972,0.026825818,0.112290009,0.032714412,0.012378426,0.094606543,0.013262599,0.025641026,0.013262599,0.123784262,1,0.548187445,0.016799293,3
2021/10/12,1,0,0,0,0,1,0,0.046657825,0.039787798,0.052166225,0.039787798,0.052166225,0.015030946,0.042024757,0.047745358,0.034482759,0.026772767,0.112290009,0.032714412,0.012378426,0.094606543,0.013262599,0.025641026,0.013262599,0.123784262,1,0.548187445,0.016799293,4
2021/10/13,1,0,0,0,0,0,1,0.045888594,0.039787798,0.050397878,0.039787798,0.052166225,0.011494253,0.041485411,0.048629531,0.038019452,0.026799293,0.112290009,0.032714412,0.012378426,0.094606543,0.013262599,0.025641026,0.013262599,0.123784262,1,0.548187445,0.016799293,19
2021/10/14,1,0,0,1,0,0,0,0.051282051,0.048629531,0.053934571,0.038903625,0.052166225,0.017683466,0.046534041,0.048629531,0.044208665,0.026772767,0.112290009,0.032714412,0.012378426,0.094606543,0.013262599,0.025641026,0.013262599,0.123784262,1,0.548187445,0.016799293,5
2021/10/15,1,0,0,0,0,0,1,0.048426172,0.040671972,0.052166225,0.038903625,0.051282051,0.019451813,0.041405836,0.048629531,0.034482759,0.026693192,0.112290009,0.032714412,0.012378426,0.094606543,0.013262599,0.025641026,0.013262599,0.123784262,1,0.548187445,0.016799293,3
2021/10/16,1,0,1,1,0,0,0,0.045994695,0.040671972,0.050397878,0.038903625,0.051282051,0.013262599,0.039416446,0.042440318,0.038019452,0.026693192,0.112290009,0.032714412,0.012378426,0.094606543,0.013262599,0.025641026,0.013262599,0.123784262,1,0.548187445,0.016799293,1
2021/10/17,1,1,0,0,0,0,1,0.047117595,0.044208665,0.050397878,0.038903625,0.051282051,0.014146773,0.039876216,0.042440318,0.038019452,0.026640141,0.112290009,0.032714412,0.012378426,0.094606543,0.013262599,0.025641026,0.013262599,0.123784262,1,0.548187445,0.016799293,17
2021/10/18,1,0,0,0,0,0,1,0.046472149,0.040671972,0.050397878,0.038903625,0.050397878,0.011494253,0.042068966,0.047745358,0.038019452,0.026666667,0.112290009,0.032714412,0.012378426,0.094606543,0.013262599,0.025641026,0.013262599,0.123784262,1,0.548187445,0.016799293,26
2021/10/23,1,0,1,1,0,0,0,0.041573828,0.034482759,0.045977011,0.037135279,0.049513705,0.00795756,0.038647215,0.042440318,0.031830239,0.026825818,0.112290009,0.032714412,0.012378426,0.094606543,0.013262599,0.025641026,0.013262599,0.123784262,1,0.548187445,0.016799293,12
2021/10/24,1,1,0,0,0,0,1,0.041229001,0.036251105,0.047745358,0.037135279,0.048629531,0.012378426,0.037471264,0.039787798,0.034482759,0.026799293,0.112290009,0.032714412,0.012378426,0.094606543,0.013262599,0.025641026,0.013262599,0.123784262,1,0.548187445,0.016799293,159
2021/10/26,1,0,0,0,0,0,1,0.047656941,0.042440318,0.050397878,0.037135279,0.048629531,0.015915119,0.045278515,0.047745358,0.042440318,0.026622458,0.112290009,0.032714412,0.012378426,0.094606543,0.013262599,0.025641026,0.013262599,0.123784262,1,0.548187445,0.016799293,39
2021/10/27,1,0,0,1,0,0,0,0.049938108,0.044208665,0.052166225,0.037135279,0.047745358,0.015915119,0.046675508,0.048629531,0.042440318,0.026666667,0.112290009,0.032714412,0.012378426,0.094606543,0.013262599,0.025641026,0.013262599,0.123784262,1,0.548187445,0.016799293,9
2021/10/28,1,0,0,0,0,0,1,0.046843501,0.042440318,0.053934571,0.036251105,0.047745358,0.015030946,0.042776304,0.045977011,0.040671972,0.026622458,0.112290009,0.032714412,0.012378426,0.094606543,0.013262599,0.025641026,0.013262599,0.123784262,1,0.548187445,0.016799293,54
2021/10/29,1,0,0,0,0,0,1,0.048081344,0.042440318,0.055702918,0.036251105,0.047745358,0.019451813,0.042829355,0.045977011,0.039787798,0.026357206,0.112290009,0.032714412,0.012378426,0.094606543,0.013262599,0.025641026,0.013262599,0.123784262,1,0.548187445,0.016799293,11
2021/11/1,1,0,0,0,0,0,1,0.043916888,0.039787798,0.048629531,0.035366932,0.046861185,0.022104332,0.039549072,0.042440318,0.038019452,0.026065429,0.112290009,0.032714412,0.012378426,0.094606543,0.013262599,0.025641026,0.013262599,0.123784262,1,0.548187445,0.016799293,106
2021/11/2,1,0,0,0,0,1,0,0.039407604,0.036251105,0.042440318,0.035366932,0.045977011,0.008841733,0.037904509,0.040671972,0.034482759,0.026118479,0.112290009,0.032714412,0.012378426,0.094606543,0.013262599,0.025641026,0.013262599,0.123784262,1,0.548187445,0.016799293,10
2021/11/3,1,0,0,0,1,0,0,0.037197171,0.031830239,0.045977011,0.035366932,0.045977011,0.00795756,0.035844385,0.040671972,0.031830239,0.026198055,0.112290009,0.032714412,0.012378426,0.094606543,0.013262599,0.025641026,0.013262599,0.123784262,1,0.548187445,0.016799293,44
2021/11/4,1,0,0,0,1,0,0,0.03882405,0.030061892,0.047745358,0.035366932,0.045977011,0.012378426,0.036675508,0.042440318,0.030061892,0.026463307,0.112290009,0.032714412,0.012378426,0.094606543,0.013262599,0.025641026,0.013262599,0.123784262,1,0.548187445,0.016799293,27
2021/11/6,1,0,1,1,0,0,0,0.045225464,0.042440318,0.048629531,0.034482759,0.045092838,0.022104332,0.041635721,0.044208665,0.039787798,0.026799293,0.112290009,0.032714412,0.012378426,0.094606543,0.013262599,0.025641026,0.013262599,0.123784262,1,0.548187445,0.016799293,10
2021/11/8,1,0,0,1,0,0,0,0.04132626,0.032714412,0.047745358,0.034482759,0.045092838,0.008841733,0.037559682,0.040671972,0.032714412,0.026746242,0.112290009,0.032714412,0.012378426,0.094606543,0.013262599,0.025641026,0.013262599,0.123784262,1,0.548187445,0.016799293,36
2021/11/9,1,0,0,1,0,0,0,0.041343943,0.036251105,0.045977011,0.034482759,0.044208665,0.013262599,0.039381079,0.044208665,0.034482759,0.026772767,0.112290009,0.032714412,0.012378426,0.094606543,0.013262599,0.025641026,0.013262599,0.123784262,1,0.548187445,0.016799293,102
2021/11/10,1,0,0,1,0,0,0,0.044208665,0.042440318,0.047745358,0.033598585,0.044208665,0.01061008,0.040848806,0.042440318,0.039787798,0.026746242,0.112290009,0.032714412,0.012378426,0.094606543,0.013262599,0.025641026,0.013262599,0.123784262,1,0.548187445,0.016799293,61
2021/11/12,1,0,0,0,1,0,0,0.041016799,0.036251105,0.044208665,0.033598585,0.043324492,0.014146773,0.038196286,0.040671972,0.034482759,0.026693192,0.112290009,0.032714412,0.012378426,0.094606543,0.013262599,0.025641026,0.013262599,0.123784262,1,0.548187445,0.016799293,92
2021/11/13,1,0,1,0,0,1,0,0.046445623,0.044208665,0.050397878,0.033598585,0.043324492,0.015030946,0.044836428,0.047745358,0.042440318,0.026542882,0.112290009,0.032714412,0.012378426,0.094606543,0.013262599,0.025641026,0.013262599,0.123784262,1,0.548187445,0.016799293,146
2021/11/14,1,1,0,1,0,0,0,0.044173298,0.042440318,0.045977011,0.032714412,0.043324492,0.011494253,0.042175066,0.044208665,0.038019452,0.026825818,0.112290009,0.032714412,0.012378426,0.094606543,0.013262599,0.025641026,0.013262599,0.123784262,1,0.548187445,0.016799293,118
2021/11/17,1,0,0,0,1,0,0,0.04219275,0.039787798,0.047745358,0.032714412,0.042440318,0.013262599,0.038788683,0.042440318,0.036251105,0.026772767,0.112290009,0.032714412,0.012378426,0.094606543,0.013262599,0.025641026,0.013262599,0.123784262,1,0.548187445,0.016799293,54
2021/11/19,1,0,0,0,0,0,1,0.048187445,0.042440318,0.050397878,0.031830239,0.041556145,0.015915119,0.045128205,0.045977011,0.042440318,0.026878868,0.112290009,0.032714412,0.012378426,0.094606543,0.013262599,0.025641026,0.013262599,0.123784262,1,0.548187445,0.016799293,53
2021/11/20,1,0,1,1,0,0,0,0.045437666,0.042440318,0.047745358,0.031830239,0.041556145,0.013262599,0.042360743,0.044208665,0.040671972,0.026852343,0.112290009,0.032714412,0.012378426,0.094606543,0.013262599,0.025641026,0.013262599,0.123784262,1,0.548187445,0.016799293,172
2021/11/21,1,1,0,0,0,1,0,0.041847922,0.038019452,0.044208665,0.031830239,0.041556145,0.013262599,0.037135279,0.044208665,0.032714412,0.026622458,0.112290009,0.032714412,0.012378426,0.094606543,0.013262599,0.025641026,0.013262599,0.123784262,1,0.548187445,0.016799293,83
2021/11/22,1,0,0,0,0,0,1,0.036772767,0.030061892,0.042440318,0.031830239,0.040671972,0.00795756,0.032024757,0.034482759,0.028293546,0.026905393,0.112290009,0.032714412,0.012378426,0.094606543,0.013262599,0.025641026,0.013262599,0.123784262,1,0.548187445,0.016799293,136
2021/11/24,1,0,0,1,0,0,0,0.039823165,0.038019452,0.042440318,0.030946065,0.040671972,0.011494253,0.036755084,0.039787798,0.032714412,0.026852343,0.112290009,0.032714412,0.012378426,0.094606543,0.013262599,0.025641026,0.013262599,0.123784262,1,0.548187445,0.016799293,72
2021/11/27,1,0,1,0,0,1,0,0.033713528,0.032714412,0.034482759,0.030946065,0.039787798,0.015915119,0.032122016,0.032714412,0.030061892,0.025941645,0.112290009,0.032714412,0.012378426,0.094606543,0.013262599,0.025641026,0.013262599,0.123784262,1,0.548187445,0.016799293,22
2021/11/28,1,1,0,0,0,1,0,0.032307692,0.026525199,0.036251105,0.030946065,0.039787798,0.013262599,0.029885057,0.032714412,0.024756852,0.026198055,0.112290009,0.032714412,0.012378426,0.094606543,0.013262599,0.025641026,0.013262599,0.123784262,1,0.548187445,0.016799293,113
2021/11/29,1,0,0,0,0,1,0,0.035190097,0.030061892,0.039787798,0.030946065,0.038903625,0.015030946,0.031485411,0.034482759,0.026525199,0.026410256,0.112290009,0.032714412,0.012378426,0.094606543,0.013262599,0.025641026,0.013262599,0.123784262,1,0.548187445,0.016799293,103
2021/12/4,1,0,1,0,1,0,0,0.036984969,0.036251105,0.039787798,0.030061892,0.038019452,0.014146773,0.035216622,0.036251105,0.032714412,0.026091954,0.112290009,0.032714412,0.012378426,0.094606543,0.013262599,0.025641026,0.013262599,0.123784262,1,0.548187445,0.016799293,126
2021/12/6,1,0,1,0,1,0,0,0.033023873,0.030061892,0.034482759,0.030061892,0.038019452,0.018567639,0.031909814,0.034482759,0.028293546,0.026489832,0.112290009,0.032714412,0.012378426,0.094606543,0.013262599,0.025641026,0.013262599,0.123784262,1,0.548187445,0.016799293,102
2021/12/7,1,0,0,0,0,1,0,0.035428824,0.031830239,0.038019452,0.030061892,0.038019452,0.020335986,0.031679929,0.034482759,0.028293546,0.026304156,0.112290009,0.032714412,0.012378426,0.094606543,0.013262599,0.025641026,0.013262599,0.123784262,1,0.548187445,0.016799293,138
2021/12/9,1,0,0,0,0,0,1,0.033448276,0,0.038019452,0.029177719,0.038019452,0.013262599,0.031750663,0.036251105,0,0.026145004,0.112290009,0.032714412,0.012378426,0.094606543,0.013262599,0.025641026,0.013262599,0.123784262,1,0.548187445,0.016799293,87
2021/12/10,1,0,0,0,0,1,0,0.03351901,0.031830239,0.034482759,0.029177719,0.037135279,0.014146773,0.031750663,0.032714412,0.030061892,0.02617153,0.112290009,0.032714412,0.012378426,0.094606543,0.013262599,0.025641026,0.013262599,0.123784262,1,0.548187445,0.016799293,145
2021/12/11,1,0,1,0,0,0,1,0.036215738,0.031830239,0.040671972,0.029177719,0.037135279,0.013262599,0.033748895,0.036251105,0.030061892,0.026595933,0.112290009,0.032714412,0.012378426,0.094606543,0.013262599,0.025641026,0.013262599,0.123784262,1,0.548187445,0.016799293,57
2021/12/12,1,1,0,0,0,1,0,0.042944297,0.038019452,0.047745358,0.029177719,0.037135279,0.014146773,0.041768347,0.045977011,0.034482759,0.026719717,0.112290009,0.032714412,0.012378426,0.094606543,0.013262599,0.025641026,0.013262599,0.123784262,1,0.548187445,0.016799293,30
2021/12/13,1,0,0,1,0,0,0,0.043748895,0.042440318,0.045977011,0.029177719,0.037135279,0.011494253,0.040689655,0.044208665,0.039787798,0.026799293,0.112290009,0.032714412,0.012378426,0.094606543,0.013262599,0.025641026,0.013262599,0.123784262,1,0.548187445,0.016799293,141
2021/12/15,1,0,0,1,0,0,0,0.04443855,0.039787798,0.045977011,0.029177719,0.037135279,0.013262599,0.041211317,0.042440318,0.038019452,0.026958444,0.112290009,0.032714412,0.012378426,0.094606543,0.013262599,0.025641026,0.013262599,0.123784262,1,0.548187445,0.016799293,91
2021/12/16,1,0,0,0,1,0,0,0.038054819,0.032714412,0.045977011,0.029177719,0.037135279,0.006189213,0.037400531,0.042440318,0.032714412,0.027170645,0.112290009,0.032714412,0.012378426,0.094606543,0.013262599,0.025641026,0.013262599,0.123784262,1,0.548187445,0.016799293,155
2021/12/17,1,0,0,0,0,1,0,0.040636605,0.039787798,0.042440318,0.029177719,0.037135279,0.00795756,0.04005305,0.040671972,0.039787798,0.027197171,0.112290009,0.032714412,0.012378426,0.094606543,0.013262599,0.025641026,0.013262599,0.123784262,1,0.548187445,0.016799293,140
2021/12/18,1,0,1,0,1,0,0,0.038709107,0.036251105,0.040671972,0.029177719,0.037135279,0.007073386,0.038019452,0.039787798,0.036251105,0.027197171,0.112290009,0.032714412,0.012378426,0.094606543,0.013262599,0.025641026,0.013262599,0.123784262,1,0.548187445,0.016799293,18
2021/12/19,1,1,0,0,0,1,0,0.039849691,0.038019452,0.040671972,0.029177719,0.037135279,0.01061008,0.038523431,0.039787798,0.036251105,0.02709107,0.112290009,0.032714412,0.012378426,0.094606543,0.013262599,0.025641026,0.013262599,0.123784262,1,0.548187445,0.016799293,92
2021/12/20,1,0,0,1,0,0,0,0.036808134,0.028293546,0.039787798,0.029177719,0.037135279,0.006189213,0.031096375,0.034482759,0.026525199,0.026878868,0.112290009,0.032714412,0.012378426,0.094606543,0.013262599,0.025641026,0.013262599,0.123784262,1,0.548187445,0.016799293,232
2021/12/21,1,0,0,0,0,0,1,0.028116711,0.023872679,0.038019452,0.029177719,0.037135279,0.004420866,0.025234306,0.028293546,0.023872679,0.026852343,0.112290009,0.032714412,0.012378426,0.094606543,0.013262599,0.025641026,0.013262599,0.123784262,1,0.548187445,0.016799293,14
2022/1/20,1,0,0,1,0,0,0,0.035004421,0.031830239,0.038019452,0.027409372,0.035366932,0.026525199,0.029115827,0.032714412,0.024756852,0.026984969,0.112290009,0.032714412,0.012378426,0.094606543,0.013262599,0.025641026,0.013262599,0.123784262,1,0.548187445,0.016799293,5
2022/3/20,1,1,0,0,0,0,1,0.036675508,0.031830239,0.042440318,0.030061892,0.043324492,0.017683466,0.028355438,0.031830239,0.023872679,0.027038019,0.112290009,0.032714412,0.012378426,0.094606543,0.013262599,0.025641026,0.013262599,0.123784262,1,0.548187445,0.016799293,27
